firstNames,lastNames,location,personalStatements,gpa,extracurriculars,donation,donated,,
Oliver,Smith,Alabama,"""Science!""",5.01,"""Science Club President""",$0.00,"""Bench""",,
Elijah,Johnson,Alaska,,4.99,,$0.00,,,
William,Williams,Arizona,,4.98,,$0.00,,,
James,Brown,Arkansas,,4.97,,$0.00,,,
Benjamin,Jones,California,,4.96,,$0.00,,,
Lucas,Garcia,Colorado,,4.95,,$0.00,,,
Henry,Miller,Connecticut,,4.94,,$0.00,,,
Alexander,Davis,Delaware,,4.93,,$0.00,,,
Mason,Rodriguez,Florida,,4.92,,$0.00,,,
Michael,Martinez,Georgia,,4.91,,$0.00,,,
Ethan,Hernandez,Hawaii,,4.9,,$0.00,,,
Daniel,Lopez,Idaho,,4.89,,$0.00,,,
Jacob,Gonzalez,Illinois,,4.88,,$0.00,,,
Logan,Wilson,Indiana,,4.87,,$0.00,,,
Jackson,Anderson,Iowa,,4.86,,$0.00,,,
Levi,Thomas,Kansas,,4.85,,$0.00,,,
Sebastian,Taylor,Kentucky,,4.84,,$0.00,,,
Mateo,Moore,Louisiana,,4.83,,$0.00,,,
Jack,Jackson,Maine,,4.82,,$0.00,,,
Owen,Martin,Maryland,,4.81,,$0.00,,,
Theodore,Lee,Massachusetts,,4.8,,$0.00,,,
Aiden,Perez,Michigan,,4.79,,$0.00,,,
Samuel,Thompson,Minnesota,,4.78,,$0.00,,,
Joseph,White,Mississippi,,4.77,,$0.00,,,
John,Harris,Missouri,,4.76,,$0.00,,,
David,Sanchez,Montana,,4.75,,$0.00,,,
Wyatt,Clark,Nebraska,,4.74,,$0.00,,,
Matthew,Ramirez,Nevada,,4.73,,$0.00,,,
Luke,Lewis,New Hampshire,,4.72,,$0.00,,,
Asher,Robinson,New Jersey,,4.71,,$0.00,,,
Carter,Walker,New Mexico,,4.7,,$0.00,,,
Julian,Young,New York,,4.69,,$0.00,,,
Grayson,Allen,North Carolina,,4.68,,$0.00,,,
Leo,King,North Dakota,,4.67,,$0.00,,,
Jayden,Wright,Ohio,,4.66,,$0.00,,,
Gabriel,Scott,Oklahoma,,4.65,,$0.00,,,
Isaac,Torres,Oregon,,4.64,,$0.00,,,
Lincoln,Nguyen,Pennsylvania,,4.63,,$0.00,,,
Anthony,Hill,Rhode Island,,4.62,,$0.00,,,
Hudson,Flores,South Carolina,,4.61,,$0.00,,,
Dylan,Green,South Dakota,,4.6,,$0.00,,,
Ezra,Adams,Tennessee,,4.59,,$0.00,,,
Thomas,Nelson,Texas,,4.58,,$0.00,,,
Charles,Baker,Utah,,4.57,,$0.00,,,
Christopher,Hall,Vermont,,4.56,,$0.00,,,
Jaxon,Rivera,Virginia,,4.55,,$0.00,,,
Maverick,Campbell,Washington,,4.54,,$0.00,,,
Josiah,Mitchell,West Virginia,,4.53,,$0.00,,,
Isaiah,Carter,Wisconsin,,4.52,,$0.00,,,
Andrew,Roberts,Wyoming,,4.51,,$0.00,,,
Elias,Gomez,,,4.5,,$0.00,,,
Joshua,Phillips,,,4.49,,$0.00,,,
Nathan,Evans,,,4.48,,$0.00,,,
Caleb,Turner,,,4.47,,$0.00,,,
Ryan,Diaz,,,4.46,,$0.00,,,
Adrian,Parker,,,4.45,,$0.00,,,
Miles,Cruz,,,4.44,,$0.00,,,
Eli,Edwards,,,4.43,,$0.00,,,
Nolan,Collins,,,4.42,,$0.00,,,
Christian,Reyes,,,4.41,,$0.00,,,
Aaron,Stewart,,,4.4,,$0.00,,,
Cameron,Morris,,,4.39,,$0.00,,,
Ezekiel,Morales,,,4.38,,$0.00,,,
Colton,Murphy,,,4.37,,$0.00,,,
Luca,Cook,,,4.36,,$0.00,,,
Landon,Rogers,,,4.35,,$0.00,,,
Hunter,Gutierrez,,,4.34,,$0.00,,,
Jonathan,Ortiz,,,4.33,,$0.00,,,
Santiago,Morgan,,,4.32,,$0.00,,,
Axel,Cooper,,,4.31,,$0.00,,,
Easton,Peterson,,,4.3,,$0.00,,,
Cooper,Bailey,,,4.29,,$0.00,,,
Jeremiah,Reed,,,4.28,,$0.00,,,
Angel,Kelly,,,4.27,,$0.00,,,
Roman,Howard,,,4.26,,$0.00,,,
Connor,Ramos,,,4.25,,$0.00,,,
Jameson,Kim,,,4.24,,$0.00,,,
Robert,Cox,,,4.23,,$0.00,,,
Greyson,Ward,,,4.22,,$0.00,,,
Jordan,Richardson,,,4.21,,$0.00,,,
Ian,Watson,,,4.2,,$0.00,,,
Carson,Brooks,,,4.19,,$0.00,,,
Jaxson,Chavez,,,4.18,,$0.00,,,
Leonardo,Wood,,,4.17,,$0.00,,,
Nicholas,James,,,4.16,,$0.00,,,
Dominic,Bennett,,,4.15,,$0.00,,,
Austin,Gray,,,4.14,,$0.00,,,
Everett,Mendoza,,,4.13,,$0.00,,,
Brooks,Ruiz,,,4.12,,$0.00,,,
Xavier,Hughes,,,4.11,,$0.00,,,
Kai,Price,,,4.1,,$0.00,,,
Jose,Alvarez,,,4.09,,$0.00,,,
Parker,Castillo,,,4.08,,$0.00,,,
Adam,Sanders,,,4.07,,$0.00,,,
Jace,Patel,,,4.06,,$0.00,,,
Wesley,Myers,,,4.05,,$0.00,,,
Kayden,Long,,,4.04,,$0.00,,,
Silas,Ross,,,4.03,,$0.00,,,
Bennett,Foster,,,4.02,,$0.00,,,
Declan,Jimenez,,,4.01,,$0.00,,,
Waylon,Powell,,,4,,$0.00,,,
Weston,Jenkins,,,3.99,,$0.00,,,
Evan,Perry,,,3.98,,$0.00,,,
Emmett,Russell,,,3.97,,$0.00,,,
Micah,Sullivan,,,3.96,,$0.00,,,
Ryder,Bell,,,3.95,,$0.00,,,
Beau,Coleman,,,3.94,,$0.00,,,
Damian,Butler,,,3.93,,$0.00,,,
Brayden,Henderson,,,3.92,,$0.00,,,
Gael,Barnes,,,3.91,,$0.00,,,
Rowan,Gonzales,,,3.9,,$0.00,,,
Harrison,Fisher,,,3.89,,$0.00,,,
Bryson,Vasquez,,,3.88,,$0.00,,,
Sawyer,Simmons,,,3.87,,$0.00,,,
Amir,Romero,,,3.86,,$0.00,,,
Kingston,Jordan,,,3.85,,$0.00,,,
Jason,Patterson,,,3.84,,$0.00,,,
Giovanni,Alexander,,,3.83,,$0.00,,,
Vincent,Hamilton,,,3.82,,$0.00,,,
Ayden,Graham,,,3.81,,$0.00,,,
Chase,Reynolds,,,3.8,,$0.00,,,
Myles,Griffin,,,3.79,,$0.00,,,
Diego,Wallace,,,3.78,,$0.00,,,
Nathaniel,Moreno,,,3.77,,$0.00,,,
Legend,West,,,3.76,,$0.00,,,
Jonah,Cole,,,3.75,,$0.00,,,
River,Hayes,,,3.74,,$0.00,,,
Tyler,Bryant,,,3.73,,$0.00,,,
Cole,Herrera,,,3.72,,$0.00,,,
Braxton,Gibson,,,3.71,,$0.00,,,
George,Ellis,,,3.7,,$0.00,,,
Milo,Tran,,,3.69,,$0.00,,,
Zachary,Medina,,,3.68,,$0.00,,,
Ashton,Aguilar,,,3.67,,$0.00,,,
Luis,Stevens,,,3.66,,$0.00,,,
Jasper,Murray,,,3.65,,$0.00,,,
Kaiden,Ford,,,3.64,,$0.00,,,
Adriel,Castro,,,3.63,,$0.00,,,
Gavin,Marshall,,,3.62,,$0.00,,,
Bentley,Owens,,,3.61,,$0.00,,,
Calvin,Harrison,,,3.6,,$0.00,,,
Zion,Fernandez,,,3.59,,$0.00,,,
Juan,Mcdonald,,,3.58,,$0.00,,,
Maxwell,Woods,,,3.57,,$0.00,,,
Max,Washington,,,3.56,,$0.00,,,
Ryker,Kennedy,,,3.55,,$0.00,,,
Carlos,Wells,,,3.54,,$0.00,,,
Emmanuel,Vargas,,,3.53,,$0.00,,,
Jayce,Henry,,,3.52,,$0.00,,,
Lorenzo,Chen,,,3.51,,$0.00,,,
Ivan,Freeman,,,3.5,,$0.00,,,
Jude,Webb,,,3.49,,$0.00,,,
August,Tucker,,,3.48,,$0.00,,,
Kevin,Guzman,,,3.47,,$0.00,,,
Malachi,Burns,,,3.46,,$0.00,,,
Elliott,Crawford,,,3.45,,$0.00,,,
Rhett,Olson,,,3.44,,$0.00,,,
Archer,Simpson,,,3.43,,$0.00,,,
Karter,Porter,,,3.42,,$0.00,,,
Arthur,Hunter,,,3.41,,$0.00,,,
Luka,Gordon,,,3.4,,$0.00,,,
Elliot,Mendez,,,3.39,,$0.00,,,
Thiago,Silva,,,3.38,,$0.00,,,
Brandon,Shaw,,,3.37,,$0.00,,,
Camden,Snyder,,,3.36,,$0.00,,,
Justin,Mason,,,3.35,,$0.00,,,
Jesus,Dixon,,,3.34,,$0.00,,,
Maddox,Munoz,,,3.33,,$0.00,,,
King,Hunt,,,3.32,,$0.00,,,
Theo,Hicks,,,3.31,,$0.00,,,
Enzo,Holmes,,,3.3,,$0.00,,,
Matteo,Palmer,,,3.29,,$0.00,,,
Emiliano,Wagner,,,3.28,,$0.00,,,
,Black,,,3.27,,$0.00,,,
Dean,Robertson,,,3.26,,$0.00,,,
Hayden,Boyd,,,3.25,,$0.00,,,
Finn,Rose,,,3.24,,$0.00,,,
Brody,Stone,,,3.23,,$0.00,,,
Antonio,Salazar,,,3.22,,$0.00,,,
Abel,Fox,,,3.21,,$0.00,,,
Alex,Warren,,,3.2,,$0.00,,,
Tristan,Mills,,,3.19,,$0.00,,,
Graham,Meyer,,,3.18,,$0.00,,,
Zayden,Rice,,,3.17,,$0.00,,,
Judah,Schmidt,,,3.16,,$0.00,,,
Xander,Garza,,,3.15,,$0.00,,,
Miguel,Daniels,,,3.14,,$0.00,,,
Atlas,Ferguson,,,3.13,,$0.00,,,
Messiah,Nichols,,,3.12,,$0.00,,,
Barrett,Stephens,,,3.11,,$0.00,,,
Tucker,Soto,,,3.1,,$0.00,,,
Timothy,Weaver,,,3.09,,$0.00,,,
Alan,Ryan,,,3.08,,$0.00,,,
Edward,Gardner,,,3.07,,$0.00,,,
Leon,Payne,,,3.06,,$0.00,,,
Dawson,Grant,,,3.05,,$0.00,,,
Eric,Dunn,,,3.04,,$0.00,,,
Ace,Kelley,,,3.03,,$0.00,,,
Victor,Spencer,,,3.02,,$0.00,,,
Abraham,Hawkins,,,3.01,,$0.00,,,
Nicolas,Arnold,,,3,,$0.00,,,
Jesse,Pierce,,,2.99,,$0.00,,,
Charlie,Vazquez,,,2.98,,$0.00,,,
Patrick,Hansen,,,2.97,,$0.00,,,
Walker,Peters,,,2.96,,$0.00,,,
Joel,Santos,,,2.95,,$0.00,,,
Richard,Hart,,,2.94,,$0.00,,,
Beckett,Bradley,,,2.93,,$0.00,,,
Blake,Knight,,,2.92,,$0.00,,,
Alejandro,Elliott,,,2.91,,$0.00,,,
Avery,Cunningham,,,2.9,,$0.00,,,
Grant,Duncan,,,2.89,,$0.00,,,
Peter,Armstrong,,,2.88,,$0.00,,,
Oscar,Hudson,,,2.87,,$0.00,,,
Matias,Carroll,,,2.86,,$0.00,,,
Amari,Lane,,,2.85,,$0.00,,,
Lukas,Riley,,,2.84,,$0.00,,,
Andres,Andrews,,,2.83,,$0.00,,,
Arlo,Alvarado,,,2.82,,$0.00,,,
Colt,Ray,,,2.81,,$0.00,,,
Adonis,Delgado,,,2.8,,$0.00,,,
Kyrie,Berry,,,2.79,,$0.00,,,
Steven,Perkins,,,2.78,,$0.00,,,
Felix,Hoffman,,,2.77,,$0.00,,,
Preston,Johnston,,,2.76,,$0.00,,,
Marcus,Matthews,,,2.75,,$0.00,,,
Holden,Pena,,,2.74,,$0.00,,,
Emilio,Richards,,,2.73,,$0.00,,,
Remington,Contreras,,,2.72,,$0.00,,,
Jeremy,Willis,,,2.71,,$0.00,,,
Kaleb,Carpenter,,,2.7,,$0.00,,,
Brantley,Lawrence,,,2.69,,$0.00,,,
Bryce,Sandoval,,,2.68,,$0.00,,,
Mark,Guerrero,,,2.67,,$0.00,,,
Knox,George,,,2.66,,$0.00,,,
Israel,Chapman,,,2.65,,$0.00,,,
Phoenix,Rios,,,2.64,,$0.00,,,
Kobe,Estrada,,,2.63,,$0.00,,,
Nash,Ortega,,,2.62,,$0.00,,,
Griffin,Watkins,,,2.61,,$0.00,,,
Caden,Greene,,,2.6,,$0.00,,,
Kenneth,Nunez,,,2.59,,$0.00,,,
Kyler,Wheeler,,,2.58,,$0.00,,,
Hayes,Valdez,,,2.57,,$0.00,,,
Jax,Harper,,,2.56,,$0.00,,,
Rafael,Burke,,,2.55,,$0.00,,,
Beckham,Larson,,,2.54,,$0.00,,,
Javier,Santiago,,,2.53,,$0.00,,,
Maximus,Maldonado,,,2.52,,$0.00,,,
Simon,Morrison,,,2.51,,$0.00,,,
Paul,Franklin,,,2.5,,$0.00,,,
Omar,Carlson,,,2.49,,$0.00,,,
Kaden,Austin,,,2.48,,$0.00,,,
Kash,Dominguez,,,2.47,,$0.00,,,
Lane,Carr,,,2.46,,$0.00,,,
Bryan,Lawson,,,2.45,,$0.00,,,
Riley,Jacobs,,,2.44,,$0.00,,,
Zane,Obrien,,,2.43,,$0.00,,,
Louis,Lynch,,,2.42,,$0.00,,,
Aidan,Singh,,,2.41,,$0.00,,,
Paxton,Vega,,,2.4,,$0.00,,,
Maximiliano,Bishop,,,2.39,,$0.00,,,
Karson,Montgomery,,,2.38,,$0.00,,,
Cash,Oliver,,,2.37,,$0.00,,,
Cayden,Jensen,,,2.36,,$0.00,,,
Emerson,Harvey,,,2.35,,$0.00,,,
Tobias,Williamson,,,2.34,,$0.00,,,
Ronan,Gilbert,,,2.33,,$0.00,,,
Brian,Dean,,,2.32,,$0.00,,,
Dallas,Sims,,,2.31,,$0.00,,,
Bradley,Espinoza,,,2.3,,$0.00,,,
Jorge,Howell,,,2.29,,$0.00,,,
Walter,Li,,,2.28,,$0.00,,,
Josue,Wong,,,2.27,,$0.00,,,
Khalil,Reid,,,2.26,,$0.00,,,
Damien,Hanson,,,2.25,,$0.00,,,
Jett,Le,,,2.24,,$0.00,,,
Kairo,Mccoy,,,2.23,,$0.00,,,
Zander,Garrett,,,2.22,,$0.00,,,
Andre,Burton,,,2.21,,$0.00,,,
Cohen,Fuller,,,2.2,,$0.00,,,
Crew,Wang,,,2.19,,$0.00,,,
Hendrix,Weber,,,2.18,,$0.00,,,
Colin,Welch,,,2.17,,$0.00,,,
Chance,Rojas,,,2.16,,$0.00,,,
Malakai,Lucas,,,2.15,,$0.00,,,
Clayton,Marquez,,,2.14,,$0.00,,,
Daxton,Fields,,,2.13,,$0.00,,,
Malcolm,Park,,,2.12,,$0.00,,,
Lennox,Yang,,,2.11,,$0.00,,,
Martin,Little,,,2.1,,$0.00,,,
Jaden,Banks,,,2.09,,$0.00,,,
Kayson,Padilla,,,2.08,,$0.00,,,
Bodhi,Day,,,2.07,,$0.00,,,
Francisco,Walsh,,,2.06,,$0.00,,,
Cody,Bowman,,,2.05,,$0.00,,,
Erick,Schultz,,,2.04,,$0.00,,,
Kameron,Luna,,,2.03,,$0.00,,,
Atticus,Fowler,,,2.02,,$0.00,,,
Dante,Mejia,,,2.01,,$0.00,,,
Jensen,Davidson,,,2,,$0.00,,,
Cruz,Acosta,,,1.99,,$0.00,,,
Finley,Brewer,,,1.98,,$0.00,,,
Brady,May,,,1.97,,$0.00,,,
Joaquin,Holland,,,1.96,,$0.00,,,
Anderson,Juarez,,,1.95,,$0.00,,,
Gunner,Newman,,,1.94,,$0.00,,,
Muhammad,Pearson,,,1.93,,$0.00,,,
Zayn,Curtis,,,1.92,,$0.00,,,
Derek,Cortez,,,1.91,,$0.00,,,
Raymond,Douglas,,,1.9,,$0.00,,,
Kyle,Schneider,,,1.89,,$0.00,,,
Angelo,Joseph,,,1.88,,$0.00,,,
Reid,Barrett,,,1.87,,$0.00,,,
Spencer,Navarro,,,1.86,,$0.00,,,
Nico,Figueroa,,,1.85,,$0.00,,,
Jaylen,Keller,,,1.84,,$0.00,,,
Jake,Avila,,,1.83,,$0.00,,,
Prince,Wade,,,1.82,,$0.00,,,
Manuel,Molina,,,1.81,,$0.00,,,
Ali,Stanley,,,1.8,,$0.00,,,
Gideon,Hopkins,,,1.79,,$0.00,,,
Stephen,Campos,,,1.78,,$0.00,,,
Ellis,Barnett,,,1.77,,$0.00,,,
Orion,Bates,,,1.76,,$0.00,,,
Rylan,Chambers,,,1.75,,$0.00,,,
Eduardo,Caldwell,,,1.74,,$0.00,,,
Mario,Beck,,,1.73,,$0.00,,,
Rory,Lambert,,,1.72,,$0.00,,,
Cristian,Miranda,,,1.71,,$0.00,,,
Odin,Byrd,,,1.7,,$0.00,,,
Tanner,Craig,,,1.69,,$0.00,,,
Julius,Ayala,,,1.68,,$0.00,,,
Callum,Lowe,,,1.67,,$0.00,,,
Sean,Frazier,,,1.66,,$0.00,,,
Kane,Powers,,,1.65,,$0.00,,,
Ricardo,Neal,,,1.64,,$0.00,,,
Travis,Leonard,,,1.63,,$0.00,,,
Wade,Gregory,,,1.62,,$0.00,,,
Warren,Carrillo,,,1.61,,$0.00,,,
Fernando,Sutton,,,1.6,,$0.00,,,
Titus,Fleming,,,1.59,,$0.00,,,
Leonel,Rhodes,,,1.58,,$0.00,,,
Edwin,Shelton,,,1.57,,$0.00,,,
Cairo,Schwartz,,,1.56,,$0.00,,,
Corbin,Norris,,,1.55,,$0.00,,,
Dakota,Jennings,,,1.54,,$0.00,,,
Ismael,Watts,,,1.53,,$0.00,,,
Colson,Duran,,,1.52,,$0.00,,,
Killian,Walters,,,1.51,,$0.00,,,
Major,Cohen,,,1.5,,$0.00,,,
Tate,Mcdaniel,,,1.49,,$0.00,,,
Gianni,Moran,,,1.48,,$0.00,,,
Elian,Parks,,,1.47,,$0.00,,,
Remy,Steele,,,1.46,,$0.00,,,
Lawson,Vaughn,,,1.45,,$0.00,,,
Niko,Becker,,,1.44,,$0.00,,,
Nasir,Holt,,,1.43,,$0.00,,,
Kade,Deleon,,,1.42,,$0.00,,,
Armani,Barker,,,1.41,,$0.00,,,
Ezequiel,Terry,,,1.4,,$0.00,,,
Marshall,Hale,,,1.39,,$0.00,,,
Hector,Leon,,,1.38,,$0.00,,,
Desmond,Hail,,,1.37,,$0.00,,,
Kason,Benson,,,1.36,,$0.00,,,
Garrett,Haynes,,,1.35,,$0.00,,,
Jared,Horton,,,1.34,,$0.00,,,
Cyrus,Miles,,,1.33,,$0.00,,,
Russell,Lyons,,,1.32,,$0.00,,,
Cesar,Pham,,,1.31,,$0.00,,,
Tyson,Graves,,,1.3,,$0.00,,,
Malik,Bush,,,1.29,,$0.00,,,
Donovan,Thornton,,,1.28,,$0.00,,,
Jaxton,Wolfe,,,1.27,,$0.00,,,
Cade,Warner,,,1.26,,$0.00,,,
Romeo,Cabrera,,,1.25,,$0.00,,,
Nehemiah,Mckinney,,,1.24,,$0.00,,,
Sergio,Mann,,,1.23,,$0.00,,,
Iker,Zimmerman,,,1.22,,$0.00,,,
Caiden,Dawson,,,1.21,,$0.00,,,
Jay,Lara,,,1.2,,$0.00,,,
Pablo,Fletcher,,,1.19,,$0.00,,,
Devin,Page,,,1.18,,$0.00,,,
Jeffrey,Mccarthy,,,1.17,,$0.00,,,
Otto,Love,,,1.16,,$0.00,,,
Kamari,Robles,,,1.15,,$0.00,,,
Ronin,Cervantes,,,1.14,,$0.00,,,
Johnny,Solis,,,1.13,,$0.00,,,
Clark,Erickson,,,1.12,,$0.00,,,
Ari,Reeves,,,1.11,,$0.00,,,
Marco,Chang,,,1.1,,$0.00,,,
Edgar,Klein,,,1.09,,$0.00,,,
Bowen,Salinas,,,1.08,,$0.00,,,
Jaiden,Fuentes,,,1.07,,$0.00,,,
Grady,Baldwin,,,1.06,,$0.00,,,
Zayne,Daniel,,,1.05,,$0.00,,,
Sullivan,Simon,,,1.04,,$0.00,,,
Jayceon,Velasquez,,,1.03,,$0.00,,,
Sterling,Hardy,,,1.02,,$0.00,,,
Andy,Higgins,,,1.01,,$0.00,,,
Conor,Aguirre,,,1,,$0.00,,,
Raiden,Lin,,,0.99,,$0.00,,,
Royal,Cummings,,,0.98,,$0.00,,,
Royce,Chandler,,,0.97,,$0.00,,,
Solomon,Sharp,,,0.96,,$0.00,,,
Trevor,Barber,,,0.95,,$0.00,,,
Winston,Bowen,,,0.94,,$0.00,,,
Emanuel,Ochoa,,,0.93,,$0.00,,,
Finnegan,Dennis,,,0.92,,$0.00,,,
Pedro,Robbins,,,0.91,,$0.00,,,
Luciano,Liu,,,0.9,,$0.00,,,
Harvey,Ramsey,,,0.89,,$0.00,,,
Franklin,Francis,,,0.88,,$0.00,,,
Noel,Griffith,,,0.87,,$0.00,,,
Troy,Paul,,,0.86,,$0.00,,,
Princeton,Blair,,,0.85,,$0.00,,,
Johnathan,Oconnor,,,0.84,,$0.00,,,
Erik,Cardenas,,,0.83,,$0.00,,,
Fabian,Pacheco,,,0.82,,$0.00,,,
Oakley,Cross,,,0.81,,$0.00,,,
Rhys,Calderon,,,0.8,,$0.00,,,
Porter,Quinn,,,0.79,,$0.00,,,
Hugo,Moss,,,0.78,,$0.00,,,
Frank,Swanson,,,0.77,,$0.00,,,
Damon,Chan,,,0.76,,$0.00,,,
Kendrick,Rivas,,,0.75,,$0.00,,,
Mathias,Khan,,,0.74,,$0.00,,,
Milan,Rodgers,,,0.73,,$0.00,,,
Peyton,Serrano,,,0.72,,$0.00,,,
Wilder,Fitzgerald,,,0.71,,$0.00,,,
Callan,Rosales,,,0.7,,$0.00,,,
Gregory,Stevenson,,,0.69,,$0.00,,,
Seth,Christensen,,,0.68,,$0.00,,,
Matthias,Manning,,,0.67,,$0.00,,,
Briggs,Gill,,,0.66,,$0.00,,,
Ibrahim,Curry,,,0.65,,$0.00,,,
Roberto,Mclaughlin,,,0.64,,$0.00,,,
Conner,Harmon,,,0.63,,$0.00,,,
Quinn,Mcgee,,,0.62,,$0.00,,,
Kashton,Gross,,,0.61,,$0.00,,,
Sage,Doyle,,,0.6,,$0.00,,,
Santino,Garner,,,0.59,,$0.00,,,
Kolton,Newton,,,0.58,,$0.00,,,
Alijah,Burgess,,,0.57,,$0.00,,,
Dominick,Reese,,,0.56,,$0.00,,,
Zyaire,Walton,,,0.55,,$0.00,,,
Apollo,Blake,,,0.54,,$0.00,,,
Kylo,Trujillo,,,0.53,,$0.00,,,
Reed,Adkins,,,0.52,,$0.00,,,
Philip,Brady,,,0.51,,$0.00,,,
Kian,Goodman,,,0.5,,$0.00,,,
Shawn,Roman,,,0.49,,$0.00,,,
Kaison,Webster,,,0.48,,$0.00,,,
Leonidas,Goodwin,,,0.47,,$0.00,,,
Ayaan,Fischer,,,0.46,,$0.00,,,
Lucca,Huang,,,0.45,,$0.00,,,
Memphis,Potter,,,0.44,,$0.00,,,
Ford,Delacruz,,,0.43,,$0.00,,,
Baylor,Montoya,,,0.42,,$0.00,,,
Kyson,Todd,,,0.41,,$0.00,,,
Uriel,Wu,,,0.4,,$0.00,,,
Allen,Hines,,,0.39,,$0.00,,,
Collin,Mullins,,,0.38,,$0.00,,,
Ruben,Castaneda,,,0.37,,$0.00,,,
Archie,Malone,,,0.36,,$0.00,,,
Dalton,Cannon,,,0.35,,$0.00,,,
Esteban,Tate,,,0.34,,$0.00,,,
Adan,Mack,,,0.33,,$0.00,,,
Forrest,Sherman,,,0.32,,$0.00,,,
Alonzo,Hubbard,,,0.31,,$0.00,,,
Isaias,Hodges,,,0.3,,$0.00,,,
Leland,Zhang,,,0.29,,$0.00,,,
Jase,Guerra,,,0.28,,$0.00,,,
Dax,Wolf,,,0.27,,$0.00,,,
Kasen,Valencia,,,0.26,,$0.00,,,
Gage,Saunders,,,0.25,,$0.00,,,
Kamden,Franco,,,0.24,,$0.00,,,
Marcos,Rowe,,,0.23,,$0.00,,,
Jamison,Gallagher,,,0.22,,$0.00,,,
Francis,Farmer,,,0.21,,$0.00,,,
Hank,Hammond,,,0.2,,$0.00,,,
Alexis,Hampton,,,0.19,,$0.00,,,
Tripp,Townsend,,,0.18,,$0.00,,,
Frederick,Ingram,,,0.17,,$0.00,,,
Jonas,Wise,,,0.16,,$0.00,,,
Stetson,Gallegos,,,0.15,,$0.00,,,
Cassius,Clarke,,,0.14,,$0.00,,,
Izaiah,Barton,,,0.13,,$0.00,,,
Eden,Schroeder,,,0.12,,$0.00,,,
Maximilian,Maxwell,,,0.11,,$0.00,,,
Rocco,Waters,,,0.1,,$0.00,,,
Tatum,Logan,,,0.09,,$0.00,,,
Keegan,Camacho,,,0.08,,$0.00,,,
Aziel,Strickland,,,0.07,,$0.00,,,
Moses,Norman,,,0.06,,$0.00,,,
Bruce,Person,,,0.05,,$0.00,,,
Lewis,Colon,,,0.04,,$0.00,,,
Braylen,Parsons,,,0.03,,$0.00,,,
Omari,Frank,,,0.02,,$0.00,,,
Mack,Harrington,,,0.01,,$0.00,,,
Augustus,Glover,,,-1,,$0.00,,,
Enrique,Osborne,,,,,$0.00,,,
Armando,Buchanan,,,,,$0.00,,,
Pierce,Casey,,,,,$0.00,,,
Moises,Floyd,,,,,$0.00,,,
Asa,Patton,,,,,$0.00,,,
Shane,Ibarra,,,,,$0.00,,,
Emmitt,Ball,,,,,$0.00,,,
Soren,Tyler,,,,,$0.00,,,
Dorian,Suarez,,,,,$0.00,,,
Keanu,Bowers,,,,,$0.00,,,
Zaiden,Orozco,,,,,$0.00,,,
Raphael,Salas,,,,,$0.00,,,
Deacon,Cobb,,,,,$0.00,,,
Abdiel,Gibbs,,,,,$0.00,,,
Kieran,Andrade,,,,,$0.00,,,
Phillip,Bauer,,,,,$0.00,,,
Ryland,Conner,,,,,$0.00,,,
Zachariah,Moody,,,,,$0.00,,,
Casey,Escobar,,,,,$0.00,,,
Zaire,Mcguire,,,,,$0.00,,,
Albert,Lloyd,,,,,$0.00,,,
Baker,Mueller,,,,,$0.00,,,
Corey,Hartman,,,,,$0.00,,,
Kylan,French,,,,,$0.00,,,
Denver,Kramer,,,,,$0.00,,,
Gunnar,Mcbride,,,,,$0.00,,,
Jayson,Pope,,,,,$0.00,,,
Drew,Lindsey,,,,,$0.00,,,
Callen,Velazquez,,,,,$0.00,,,
Jasiah,Norton,,,,,$0.00,,,
Drake,Mccormick,,,,,$0.00,,,
Kannon,Sparks,,,,,$0.00,,,
Braylon,Flynn,,,,,$0.00,,,
Sonny,Yates,,,,,$0.00,,,
Bo,Hogan,,,,,$0.00,,,
Moshe,Marsh,,,,,$0.00,,,
Huxley,Macias,,,,,$0.00,,,
Quentin,Villanueva,,,,,$0.00,,,
Rowen,Zamora,,,,,$0.00,,,
Santana,Pratt,,,,,$0.00,,,
Cannon,Stokes,,,,,$0.00,,,
Kenzo,Owen,,,,,$0.00,,,
Wells,Ballard,,,,,$0.00,,,
Julio,Lang,,,,,$0.00,,,
Nikolai,Brock,,,,,$0.00,,,
Conrad,Villarreal,,,,,$0.00,,,
Jalen,Charles,,,,,$0.00,,,
Makai,Drake,,,,,$0.00,,,
Benson,Barrera,,,,,$0.00,,,
Derrick,Cain,,,,,$0.00,,,
Gerardo,Patrick,,,,,$0.00,,,
Davis,Pineda,,,,,$0.00,,,
Abram,Burnett,,,,,$0.00,,,
Mohamed,Mercado,,,,,$0.00,,,
Ronald,Santana,,,,,$0.00,,,
Raul,Shepherd,,,,,$0.00,,,
Arjun,Bautista,,,,,$0.00,,,
Dexter,Ali,,,,,$0.00,,,
Kaysen,Shaffer,,,,,$0.00,,,
Jaime,Lamb,,,,,$0.00,,,
Scott,Trevino,,,,,$0.00,,,
Lawrence,Mckenzie,,,,,$0.00,,,
Ariel,Hess,,,,,$0.00,,,
Skyler,Beil,,,,,$0.00,,,
Danny,Olsen,,,,,$0.00,,,
Roland,Cochran,,,,,$0.00,,,
Chandler,Morton,,,,,$0.00,,,
Yusuf,Nash,,,,,$0.00,,,
Samson,Wilkins,,,,,$0.00,,,
Case,Petersen,,,,,$0.00,,,
Zain,Briggs,,,,,$0.00,,,
Roy,Shah,,,,,$0.00,,,
Rodrigo,Roth,,,,,$0.00,,,
Sutton,Nicholson,,,,,$0.00,,,
Boone,Holloway,,,,,$0.00,,,
Saint,Lozano,,,,,$0.00,,,
Saul,Rangel,,,,,$0.00,,,
Jaziel,Flowers,,,,,$0.00,,,
Hezekiah,Hoover,,,,,$0.00,,,
Alec,Short,,,,,$0.00,,,
Arturo,Arias,,,,,$0.00,,,
Jamari,Mora,,,,,$0.00,,,
Jaxtyn,Valenzuela,,,,,$0.00,,,
Julien,Bryan,,,,,$0.00,,,
Koa,Meyers,,,,,$0.00,,,
Reece,Weiss,,,,,$0.00,,,
Landen,Underwood,,,,,$0.00,,,
Koda,Bass,,,,,$0.00,,,
Darius,Greer,,,,,$0.00,,,
Sylas,Summers,,,,,$0.00,,,
Ares,Houston,,,,,$0.00,,,
Kyree,Carson,,,,,$0.00,,,
Boston,Morrow,,,,,$0.00,,,
Keith,Clayton,,,,,$0.00,,,
Taylor,Whitaker,,,,,$0.00,,,
Johan,Decker,,,,,$0.00,,,
Edison,Yoder,,,,,$0.00,,,
Sincere,Collier,,,,,$0.00,,,
Watson,Zuniga,,,,,$0.00,,,
Jerry,Carey,,,,,$0.00,,,
Nikolas,Wilcox,,,,,$0.00,,,
Quincy,Melendez,,,,,$0.00,,,
Shepherd,Poole,,,,,$0.00,,,
Brycen,Roberson,,,,,$0.00,,,
Marvin,Larsen,,,,,$0.00,,,
Dariel,Conley,,,,,$0.00,,,
Axton,Davenport,,,,,$0.00,,,
Donald,Copeland,,,,,$0.00,,,
Bodie,Massey,,,,,$0.00,,,
Finnley,Lam,,,,,$0.00,,,
Onyx,Huff,,,,,$0.00,,,
Rayan,Rocha,,,,,$0.00,,,
Raylan,Cameron,,,,,$0.00,,,
Brixton,Jefferson,,,,,$0.00,,,
Colby,Hood,,,,,$0.00,,,
Shiloh,Monroe,,,,,$0.00,,,
Valentino,Anthony,,,,,$0.00,,,
Layton,Pittman,,,,,$0.00,,,
Trenton,Huynh,,,,,$0.00,,,
Landyn,Randall,,,,,$0.00,,,
Alessandro,Singleton,,,,,$0.00,,,
Ahmad,Kirk,,,,,$0.00,,,
Gustavo,Combs,,,,,$0.00,,,
Ledger,Mathis,,,,,$0.00,,,
Ridge,Christian,,,,,$0.00,,,
Ander,Skinner,,,,,$0.00,,,
Ahmed,Bradford,,,,,$0.00,,,
Kingsley,Richard,,,,,$0.00,,,
Issac,Galvan,,,,,$0.00,,,
Mauricio,Wall,,,,,$0.00,,,
Tony,Boone,,,,,$0.00,,,
Leonard,Kirby,,,,,$0.00,,,
Mohammed,Wilkinson,,,,,$0.00,,,
Uriah,Bridges,,,,,$0.00,,,
Duke,Bruce,,,,,$0.00,,,
Kareem,Atkinson,,,,,$0.00,,,
Lucian,Velez,,,,,$0.00,,,
Marcelo,Meza,,,,,$0.00,,,
Aarav,Roy,,,,,$0.00,,,
Leandro,Vincent,,,,,$0.00,,,
Reign,York,,,,,$0.00,,,
Clay,Hodge,,,,,$0.00,,,
Kohen,Villa,,,,,$0.00,,,
Dennis,Abbott,,,,,$0.00,,,
Samir,Allison,,,,,$0.00,,,
Ermias,Tapia,,,,,$0.00,,,
Otis,Gates,,,,,$0.00,,,
Emir,Chase,,,,,$0.00,,,
Nixon,Sosa,,,,,$0.00,,,
Ty,Sweeney,,,,,$0.00,,,
Sam,Farrell,,,,,$0.00,,,
Fletcher,Wyatt,,,,,$0.00,,,
Wilson,Dalton,,,,,$0.00,,,
Dustin,Horn,,,,,$0.00,,,
Hamza,Barron,,,,,$0.00,,,
Bryant,Phelps,,,,,$0.00,,,
Flynn,Yu,,,,,$0.00,,,
Lionel,Dickerson,,,,,$0.00,,,
Mohammad,Heath,,,,,$0.00,,,
Cason,Foley,,,,,$0.00,,,
Jamir,Atkins,,,,,$0.00,,,
Aden,Mathews,,,,,$0.00,,,
Dakari,Bonilla,,,,,$0.00,,,
Justice,Acevedo,,,,,$0.00,,,
Dillon,Benitez,,,,,$0.00,,,
Layne,Zavala,,,,,$0.00,,,
Zaid,Hensley,,,,,$0.00,,,
Alden,Glenn,,,,,$0.00,,,
Nelson,Cisneros,,,,,$0.00,,,
Devon,Harrell,,,,,$0.00,,,
Titan,Shields,,,,,$0.00,,,
Chris,Rubio,,,,,$0.00,,,
Khari,Huffman,,,,,$0.00,,,
Zeke,Choi,,,,,$0.00,,,
Noe,Boyer,,,,,$0.00,,,
Alberto,Garrison,,,,,$0.00,,,
Roger,Arroyo,,,,,$0.00,,,
Brock,Bond,,,,,$0.00,,,
Rex,Kane,,,,,$0.00,,,
Quinton,Hancock,,,,,$0.00,,,
Alvin,Callahan,,,,,$0.00,,,
Cullen,Dillon,,,,,$0.00,,,
Azariah,Cline,,,,,$0.00,,,
Harlan,Wiggins,,,,,$0.00,,,
Kellan,Grimes,,,,,$0.00,,,
Lennon,Arellano,,,,,$0.00,,,
Marcel,Melton,,,,,$0.00,,,
Keaton,Oneill,,,,,$0.00,,,
Morgan,Savage,,,,,$0.00,,,
Ricky,Ho,,,,,$0.00,,,
Trey,Beltran,,,,,$0.00,,,
Karsyn,Pitts,,,,,$0.00,,,
Langston,Parrish,,,,,$0.00,,,
Miller,Ponce,,,,,$0.00,,,
Chaim,Rich,,,,,$0.00,,,
Salvador,Booth,,,,,$0.00,,,
Amias,Koch,,,,,$0.00,,,
Tadeo,Golden,,,,,$0.00,,,
Curtis,Ware,,,,,$0.00,,,
Lachlan,Brennan,,,,,$0.00,,,
Amos,Mcdowell,,,,,$0.00,,,
Anakin,Marks,,,,,$0.00,,,
Krew,Cantu,,,,,$0.00,,,
Tomas,Humphrey,,,,,$0.00,,,
Jefferson,Baxter,,,,,$0.00,,,
Yosef,Sawyer,,,,,$0.00,,,
Bruno,Clay,,,,,$0.00,,,
Korbin,Tanner,,,,,$0.00,,,
Augustine,Hutchinson,,,,,$0.00,,,
Cayson,Kaur,,,,,$0.00,,,
Mathew,Berg,,,,,$0.00,,,
Vihaan,Wiley,,,,,$0.00,,,
Jamie,Gilmore,,,,,$0.00,,,
Clyde,Russo,,,,,$0.00,,,
Brendan,Villegas,,,,,$0.00,,,
Jagger,Hobbs,,,,,$0.00,,,
Carmelo,Keith,,,,,$0.00,,,
Harry,Wilkerson,,,,,$0.00,,,
Nathanael,Ahmed,,,,,$0.00,,,
Mitchell,Beard,,,,,$0.00,,,
Darren,Mcclain,,,,,$0.00,,,
Ray,Montes,,,,,$0.00,,,
Jedidiah,Mata,,,,,$0.00,,,
Jimmy,Rosario,,,,,$0.00,,,
Lochlan,Vang,,,,,$0.00,,,
Bellamy,Walter,,,,,$0.00,,,
Eddie,Henson,,,,,$0.00,,,
Rayden,Oneal,,,,,$0.00,,,
Reese,Mosley,,,,,$0.00,,,
Stanley,Mcclure,,,,,$0.00,,,
Joe,Beasley,,,,,$0.00,,,
Houston,Stephenson,,,,,$0.00,,,
Douglas,Snow,,,,,$0.00,,,
Vincenzo,Huerta,,,,,$0.00,,,
Casen,Preston,,,,,$0.00,,,
Emery,Vance,,,,,$0.00,,,
Joziah,Barry,,,,,$0.00,,,
Leighton,Johns,,,,,$0.00,,,
Marcellus,Eaton,,,,,$0.00,,,
Atreus,Blackwell,,,,,$0.00,,,
Aron,Dyer,,,,,$0.00,,,
Hugh,Prince,,,,,$0.00,,,
Musa,Macdonald,,,,,$0.00,,,
Tommy,Solomon,,,,,$0.00,,,
Alfredo,Guevara,,,,,$0.00,,,
Junior,Stafford,,,,,$0.00,,,
Neil,English,,,,,$0.00,,,
Westley,Hurst,,,,,$0.00,,,
Banks,Woodard,,,,,$0.00,,,
Eliel,Cortes,,,,,$0.00,,,
Melvin,Shannon,,,,,$0.00,,,
Maximo,Kemp,,,,,$0.00,,,
Briar,Nolan,,,,,$0.00,,,
Colten,Mccullough,,,,,$0.00,,,
Lance,Merritt,,,,,$0.00,,,
Nova,Murillo,,,,,$0.00,,,
Trace,Moon,,,,,$0.00,,,
Axl,Salgado,,,,,$0.00,,,
Ramon,Strong,,,,,$0.00,,,
Vicente,Kline,,,,,$0.00,,,
Brennan,Cordova,,,,,$0.00,,,
Caspian,Barajas,,,,,$0.00,,,
Remi,Roach,,,,,$0.00,,,
Deandre,Rosas,,,,,$0.00,,,
Legacy,Winters,,,,,$0.00,,,
Lee,Jacobson,,,,,$0.00,,,
Valentin,Lester,,,,,$0.00,,,
Ben,Knox,,,,,$0.00,,,
Louie,Bullock,,,,,$0.00,,,
Westin,Kerr,,,,,$0.00,,,
Wayne,Leach,,,,,$0.00,,,
Benicio,Meadows,,,,,$0.00,,,
Grey,Orr,,,,,$0.00,,,
Zayd,Davila,,,,,$0.00,,,
Gatlin,Whitehead,,,,,$0.00,,,
Mekhi,Pruitt,,,,,$0.00,,,
Orlando,Kent,,,,,$0.00,,,
Bjorn,Conway,,,,,$0.00,,,
Harley,Mckee,,,,,$0.00,,,
Alonso,Barr,,,,,$0.00,,,
Rio,David,,,,,$0.00,,,
Aldo,Dejesus,,,,,$0.00,,,
Byron,Marin,,,,,$0.00,,,
Eliseo,Berger,,,,,$0.00,,,
Ernesto,Mcintyre,,,,,$0.00,,,
Talon,Blankenship,,,,,$0.00,,,
Thaddeus,Gaines,,,,,$0.00,,,
Brecken,Palacios,,,,,$0.00,,,
Kace,Cuevas,,,,,$0.00,,,
Kellen,Bartlett,,,,,$0.00,,,
Enoch,Durham,,,,,$0.00,,,
Kiaan,Dorsey,,,,,$0.00,,,
Lian,Mccall,,,,,$0.00,,,
Creed,Odonnell,,,,,$0.00,,,
Rohan,Stein,,,,,$0.00,,,
Callahan,Browning,,,,,$0.00,,,
Jaxxon,Stout,,,,,$0.00,,,
Ocean,Lowery,,,,,$0.00,,,
Crosby,Sloan,,,,,$0.00,,,
Dash,Mclean,,,,,$0.00,,,
Gary,Hendricks,,,,,$0.00,,,
Mylo,Calhoun,,,,,$0.00,,,
Ira,Sexton,,,,,$0.00,,,
Magnus,Chung,,,,,$0.00,,,
Salem,Gentry,,,,,$0.00,,,
Abdullah,Hull,,,,,$0.00,,,
Kye,Duarte,,,,,$0.00,,,
Tru,Ellison,,,,,$0.00,,,
Forest,Nielsen,,,,,$0.00,,,
Jon,Gillespie,,,,,$0.00,,,
Misael,Buck,,,,,$0.00,,,
Madden,Middleton,,,,,$0.00,,,
Braden,Sellers,,,,,$0.00,,,
Carl,Leblanc,,,,,$0.00,,,
Hassan,Esparza,,,,,$0.00,,,
Emory,Hardin,,,,,$0.00,,,
Kristian,Bradshaw,,,,,$0.00,,,
Alaric,Mcintosh,,,,,$0.00,,,
Ambrose,Howe,,,,,$0.00,,,
Dario,Livingston,,,,,$0.00,,,
Allan,Frost,,,,,$0.00,,,
Bode,Glass,,,,,$0.00,,,
Boden,Morse,,,,,$0.00,,,
Juelz,Knapp,,,,,$0.00,,,
Kristopher,Herman,,,,,$0.00,,,
Genesis,Stark,,,,,$0.00,,,
Idris,Bravo,,,,,$0.00,,,
Ameer,Noble,,,,,$0.00,,,
Anders,Spears,,,,,$0.00,,,
Darian,Weeks,,,,,$0.00,,,
Kase,Corona,,,,,$0.00,,,
Aryan,Frederick,,,,,$0.00,,,
Dane,Buckley,,,,,$0.00,,,
Guillermo,Mcfarland,,,,,$0.00,,,
Elisha,Hebert,,,,,$0.00,,,
Jakobe,Enriquez,,,,,$0.00,,,
Thatcher,Hickman,,,,,$0.00,,,
Eugene,Quintero,,,,,$0.00,,,
Ishaan,Randolph,,,,,$0.00,,,
Larry,Schaefer,,,,,$0.00,,,
Wesson,Walls,,,,,$0.00,,,
Yehuda,Trejo,,,,,$0.00,,,
Alvaro,House,,,,,$0.00,,,
Bobby,Reilly,,,,,$0.00,,,
Bronson,Pennington,,,,,$0.00,,,
Dilan,Michael,,,,,$0.00,,,
Kole,Conrad,,,,,$0.00,,,
Kyro,Giles,,,,,$0.00,,,
Tristen,Benjamin,,,,,$0.00,,,
Blaze,Crosby,,,,,$0.00,,,
Brayan,Fitzpatrick,,,,,$0.00,,,
Jadiel,Donovan,,,,,$0.00,,,
Kamryn,Mays,,,,,$0.00,,,
Demetrius,Mahoney,,,,,$0.00,,,
Maurice,Valentine,,,,,$0.00,,,
Arian,Raymond,,,,,$0.00,,,
Kabir,Medrano,,,,,$0.00,,,
Rocky,Hahn,,,,,$0.00,,,
Rudy,Mcmillan,,,,,$0.00,,,
Randy,Small,,,,,$0.00,,,
Rodney,Bentley,,,,,$0.00,,,
Yousef,Felix,,,,,$0.00,,,
Felipe,Peck,,,,,$0.00,,,
Robin,Lucero,,,,,$0.00,,,
Aydin,Boyle,,,,,$0.00,,,
Dior,Hanna,,,,,$0.00,,,
Kaiser,Pace,,,,,$0.00,,,
Van,Rush,,,,,$0.00,,,
Brodie,Hurley,,,,,$0.00,,,
London,Harding,,,,,$0.00,,,
Eithan,Mcconnell,,,,,$0.00,,,
Stefan,Bernal,,,,,$0.00,,,
Ulises,Nava,,,,,$0.00,,,
Camilo,Ayers,,,,,$0.00,,,
Branson,Everett,,,,,$0.00,,,
Jakari,Ventura,,,,,$0.00,,,
Judson,Avery,,,,,$0.00,,,
Yahir,Pugh,,,,,$0.00,,,
Zavier,Mayer,,,,,$0.00,,,
Damari,Bender,,,,,$0.00,,,
Jakob,Shepard,,,,,$0.00,,,
Jaxx,Mcmahon,,,,,$0.00,,,
Bentlee,Landry,,,,,$0.00,,,
Cain,Case,,,,,$0.00,,,
Niklaus,Sampson,,,,,$0.00,,,
Rey,Moses,,,,,$0.00,,,
Zahir,Magana,,,,,$0.00,,,
Aries,Blackburn,,,,,$0.00,,,
Blaine,Dunlap,,,,,$0.00,,,
Kyng,Gould,,,,,$0.00,,,
Castiel,Duffy,,,,,$0.00,,,
Henrik,Vaughan,,,,,$0.00,,,
Joey,Herring,,,,,$0.00,,,
Khalid,Mckay,,,,,$0.00,,,
Bear,Espinosa,,,,,$0.00,,,
Graysen,Rivers,,,,,$0.00,,,
Jair,Farley,,,,,$0.00,,,
Kylen,Bernard,,,,,$0.00,,,
Darwin,Ashley,,,,,$0.00,,,
Alfred,Friedman,,,,,$0.00,,,
Ayan,Potts,,,,,$0.00,,,
Kenji,Truong,,,,,$0.00,,,
Zakai,Costa,,,,,$0.00,,,
Avi,Correa,,,,,$0.00,,,
Cory,Blevins,,,,,$0.00,,,
Fisher,Nixon,,,,,$0.00,,,
Jacoby,Clements,,,,,$0.00,,,
Osiris,Fry,,,,,$0.00,,,
Harlem,Delarosa,,,,,$0.00,,,
Jamal,Best,,,,,$0.00,,,
Santos,Benton,,,,,$0.00,,,
Wallace,Lugo,,,,,$0.00,,,
Brett,Portillo,,,,,$0.00,,,
Fox,Dougherty,,,,,$0.00,,,
Leif,Crane,,,,,$0.00,,,
Maison,Haley,,,,,$0.00,,,
Reuben,Phan,,,,,$0.00,,,
Adler,Villalobos,,,,,$0.00,,,
Zev,Blanchard,,,,,$0.00,,,
Calum,Horne,,,,,$0.00,,,
Kelvin,Finley,,,,,$0.00,,,
Zechariah,Quintana,,,,,$0.00,,,
Bridger,Lynn,,,,,$0.00,,,
Mccoy,Esquivel,,,,,$0.00,,,
Seven,Bean,,,,,$0.00,,,
Shepard,Dodson,,,,,$0.00,,,
Azrael,Mullen,,,,,$0.00,,,
Leroy,Xiong,,,,,$0.00,,,
Terry,Hayden,,,,,$0.00,,,
Harold,Cano,,,,,$0.00,,,
Mac,Levy,,,,,$0.00,,,
Mordechai,Huber,,,,,$0.00,,,
Ahmir,Richmond,,,,,$0.00,,,
Cal,Moyer,,,,,$0.00,,,
Franco,Lim,,,,,$0.00,,,
Trent,Frye,,,,,$0.00,,,
Blaise,Sheppard,,,,,$0.00,,,
Coen,Mccarty,,,,,$0.00,,,
Dominik,Avalos,,,,,$0.00,,,
Marley,Booker,,,,,$0.00,,,
Davion,Waller,,,,,$0.00,,,
Jeremias,Parra,,,,,$0.00,,,
Riggs,Woodward,,,,,$0.00,,,
Jones,Jaramillo,,,,,$0.00,,,
Will,Krueger,,,,,$0.00,,,
Damir,Rasmussen,,,,,$0.00,,,
Dangelo,Brandt,,,,,$0.00,,,
Canaan,Peralta,,,,,$0.00,,,
Dion,Donaldson,,,,,$0.00,,,
Jabari,Stuart,,,,,$0.00,,,
Landry,Faulkner,,,,,$0.00,,,
Salvatore,Maynard,,,,,$0.00,,,
Kody,Galindo,,,,,$0.00,,,
Hakeem,Coffey,,,,,$0.00,,,
Truett,Estes,,,,,$0.00,,,
Gerald,Sanford,,,,,$0.00,,,
Lyric,Burch,,,,,$0.00,,,
Gordon,Maddox,,,,,$0.00,,,
Jovanni,Vo,,,,,$0.00,,,
Kamdyn,Oconnell,,,,,$0.00,,,
Alistair,Vu,,,,,$0.00,,,
Cillian,Andersen,,,,,$0.00,,,
Foster,Spence,,,,,$0.00,,,
Terrance,Mcpherson,,,,,$0.00,,,
Murphy,Church,,,,,$0.00,,,
Zyair,Schmitt,,,,,$0.00,,,
Cedric,Stanton,,,,,$0.00,,,
Rome,Leal,,,,,$0.00,,,
Abner,Cherry,,,,,$0.00,,,
Colter,Compton,,,,,$0.00,,,
Dayton,Dudley,,,,,$0.00,,,
Jad,Sierra,,,,,$0.00,,,
Xzavier,Pollard,,,,,$0.00,,,
Rene,Alfaro,,,,,$0.00,,,
Vance,Hester,,,,,$0.00,,,
Duncan,Proctor,,,,,$0.00,,,
Frankie,Lu,,,,,$0.00,,,
Bishop,Hinton,,,,,$0.00,,,
Davian,Novak,,,,,$0.00,,,
Everest,Good,,,,,$0.00,,,
Heath,Madden,,,,,$0.00,,,
Jaxen,Mccann,,,,,$0.00,,,
Marlon,Terrell,,,,,$0.00,,,
Maxton,Jarvis,,,,,$0.00,,,
Reginald,Dickson,,,,,$0.00,,,
Harris,Reyna,,,,,$0.00,,,
Jericho,Cantrell,,,,,$0.00,,,
Keenan,Mayo,,,,,$0.00,,,
Korbyn,Branch,,,,,$0.00,,,
Wes,Hendrix,,,,,$0.00,,,
Eliezer,Rollins,,,,,$0.00,,,
Jeffery,Rowland,,,,,$0.00,,,
Kalel,Whitney,,,,,$0.00,,,
Kylian,Duke,,,,,$0.00,,,
Turner,Odom,,,,,$0.00,,,
Willie,Daugherty,,,,,$0.00,,,
Rogelio,Travis,,,,,$0.00,,,
Ephraim,Tang,,,,,$0.00,,,
Olivia,Archer,,,,,$0.00,,,
Emma,,,,,,$0.00,,,
Ava,,,,,,$0.00,,,
Charlotte,,,,,,$0.00,,,
Sophia,,,,,,$0.00,,,
Amelia,,,,,,$0.00,,,
Isabella,,,,,,$0.00,,,
Mia,,,,,,$0.00,,,
Evelyn,,,,,,$0.00,,,
Harper,,,,,,$0.00,,,
Camila,,,,,,$0.00,,,
Gianna,,,,,,$0.00,,,
Abigail,,,,,,$0.00,,,
Luna,,,,,,$0.00,,,
Ella,,,,,,$0.00,,,
Elizabeth,,,,,,$0.00,,,
Sofia,,,,,,$0.00,,,
Emily,,,,,,$0.00,,,
Avery,,,,,,$0.00,,,
Mila,,,,,,$0.00,,,
Scarlett,,,,,,$0.00,,,
Eleanor,,,,,,$0.00,,,
Madison,,,,,,$0.00,,,
Layla,,,,,,$0.00,,,
Penelope,,,,,,$0.00,,,
Aria,,,,,,$0.00,,,
Chloe,,,,,,$0.00,,,
Grace,,,,,,$0.00,,,
Ellie,,,,,,$0.00,,,
Nora,,,,,,$0.00,,,
Hazel,,,,,,$0.00,,,
Zoey,,,,,,$0.00,,,
Riley,,,,,,$0.00,,,
Victoria,,,,,,$0.00,,,
Lily,,,,,,$0.00,,,
Aurora,,,,,,$0.00,,,
Violet,,,,,,$0.00,,,
Nova,,,,,,$0.00,,,
Hannah,,,,,,$0.00,,,
Emilia,,,,,,$0.00,,,
Zoe,,,,,,$0.00,,,
Stella,,,,,,$0.00,,,
Everly,,,,,,$0.00,,,
Isla,,,,,,$0.00,,,
Leah,,,,,,$0.00,,,
Lillian,,,,,,$0.00,,,
Addison,,,,,,$0.00,,,
Willow,,,,,,$0.00,,,
Lucy,,,,,,$0.00,,,
Paisley,,,,,,$0.00,,,
Natalie,,,,,,$0.00,,,
Naomi,,,,,,$0.00,,,
Eliana,,,,,,$0.00,,,
Brooklyn,,,,,,$0.00,,,
Elena,,,,,,$0.00,,,
Aubrey,,,,,,$0.00,,,
Claire,,,,,,$0.00,,,
Ivy,,,,,,$0.00,,,
Kinsley,,,,,,$0.00,,,
Audrey,,,,,,$0.00,,,
Maya,,,,,,$0.00,,,
Genesis,,,,,,$0.00,,,
Skylar,,,,,,$0.00,,,
Bella,,,,,,$0.00,,,
Aaliyah,,,,,,$0.00,,,
Madelyn,,,,,,$0.00,,,
Savannah,,,,,,$0.00,,,
Anna,,,,,,$0.00,,,
Delilah,,,,,,$0.00,,,
Serenity,,,,,,$0.00,,,
Caroline,,,,,,$0.00,,,
Kennedy,,,,,,$0.00,,,
Valentina,,,,,,$0.00,,,
Ruby,,,,,,$0.00,,,
Sophie,,,,,,$0.00,,,
Alice,,,,,,$0.00,,,
Gabriella,,,,,,$0.00,,,
Sadie,,,,,,$0.00,,,
Ariana,,,,,,$0.00,,,
Allison,,,,,,$0.00,,,
Hailey,,,,,,$0.00,,,
Autumn,,,,,,$0.00,,,
Nevaeh,,,,,,$0.00,,,
Natalia,,,,,,$0.00,,,
Quinn,,,,,,$0.00,,,
Josephine,,,,,,$0.00,,,
Sarah,,,,,,$0.00,,,
Cora,,,,,,$0.00,,,
Emery,,,,,,$0.00,,,
Samantha,,,,,,$0.00,,,
Piper,,,,,,$0.00,,,
Leilani,,,,,,$0.00,,,
Eva,,,,,,$0.00,,,
Everleigh,,,,,,$0.00,,,
Madeline,,,,,,$0.00,,,
Lydia,,,,,,$0.00,,,
Jade,,,,,,$0.00,,,
Peyton,,,,,,$0.00,,,
Brielle,,,,,,$0.00,,,
Adeline,,,,,,$0.00,,,
Vivian,,,,,,$0.00,,,
Rylee,,,,,,$0.00,,,
Clara,,,,,,$0.00,,,
Raelynn,,,,,,$0.00,,,
Melanie,,,,,,$0.00,,,
Melody,,,,,,$0.00,,,
Julia,,,,,,$0.00,,,
Athena,,,,,,$0.00,,,
Maria,,,,,,$0.00,,,
Liliana,,,,,,$0.00,,,
Hadley,,,,,,$0.00,,,
Arya,,,,,,$0.00,,,
Rose,,,,,,$0.00,,,
Reagan,,,,,,$0.00,,,
Eliza,,,,,,$0.00,,,
Adalynn,,,,,,$0.00,,,
Kaylee,,,,,,$0.00,,,
Lyla,,,,,,$0.00,,,
Mackenzie,,,,,,$0.00,,,
Alaia,,,,,,$0.00,,,
Isabelle,,,,,,$0.00,,,
Charlie,,,,,,$0.00,,,
Arianna,,,,,,$0.00,,,
Mary,,,,,,$0.00,,,
Remi,,,,,,$0.00,,,
Margaret,,,,,,$0.00,,,
Iris,,,,,,$0.00,,,
Parker,,,,,,$0.00,,,
Ximena,,,,,,$0.00,,,
Eden,,,,,,$0.00,,,
Ayla,,,,,,$0.00,,,
Kylie,,,,,,$0.00,,,
Elliana,,,,,,$0.00,,,
Josie,,,,,,$0.00,,,
Katherine,,,,,,$0.00,,,
Faith,,,,,,$0.00,,,
Alexandra,,,,,,$0.00,,,
Eloise,,,,,,$0.00,,,
Adalyn,,,,,,$0.00,,,
Amaya,,,,,,$0.00,,,
Jasmine,,,,,,$0.00,,,
Amara,,,,,,$0.00,,,
Daisy,,,,,,$0.00,,,
Reese,,,,,,$0.00,,,
Valerie,,,,,,$0.00,,,
Brianna,,,,,,$0.00,,,
Cecilia,,,,,,$0.00,,,
Andrea,,,,,,$0.00,,,
Summer,,,,,,$0.00,,,
Valeria,,,,,,$0.00,,,
Norah,,,,,,$0.00,,,
Ariella,,,,,,$0.00,,,
Esther,,,,,,$0.00,,,
Ashley,,,,,,$0.00,,,
Emerson,,,,,,$0.00,,,
Aubree,,,,,,$0.00,,,
Isabel,,,,,,$0.00,,,
Anastasia,,,,,,$0.00,,,
Ryleigh,,,,,,$0.00,,,
Khloe,,,,,,$0.00,,,
Taylor,,,,,,$0.00,,,
Londyn,,,,,,$0.00,,,
Lucia,,,,,,$0.00,,,
Emersyn,,,,,,$0.00,,,
Callie,,,,,,$0.00,,,
Sienna,,,,,,$0.00,,,
Blakely,,,,,,$0.00,,,
Kehlani,,,,,,$0.00,,,
Genevieve,,,,,,$0.00,,,
Alina,,,,,,$0.00,,,
Bailey,,,,,,$0.00,,,
Juniper,,,,,,$0.00,,,
Maeve,,,,,,$0.00,,,
Molly,,,,,,$0.00,,,
Harmony,,,,,,$0.00,,,
Georgia,,,,,,$0.00,,,
Magnolia,,,,,,$0.00,,,
Catalina,,,,,,$0.00,,,
Freya,,,,,,$0.00,,,
Juliette,,,,,,$0.00,,,
Sloane,,,,,,$0.00,,,
June,,,,,,$0.00,,,
Sara,,,,,,$0.00,,,
Ada,,,,,,$0.00,,,
Kimberly,,,,,,$0.00,,,
River,,,,,,$0.00,,,
Ember,,,,,,$0.00,,,
Juliana,,,,,,$0.00,,,
Aliyah,,,,,,$0.00,,,
Millie,,,,,,$0.00,,,
Brynlee,,,,,,$0.00,,,
Teagan,,,,,,$0.00,,,
Morgan,,,,,,$0.00,,,
Jordyn,,,,,,$0.00,,,
London,,,,,,$0.00,,,
Alaina,,,,,,$0.00,,,
Olive,,,,,,$0.00,,,
Rosalie,,,,,,$0.00,,,
Alyssa,,,,,,$0.00,,,
Ariel,,,,,,"$1,000.00",,,
Finley,,,,,,"$2,000.00",,,
Arabella,,,,,,"$3,000.00",,,
Journee,,,,,,"$4,000.00",,,
Hope,,,,,,"$5,000.00",,,
Leila,,,,,,"$6,000.00",,,
Alana,,,,,,"$7,000.00",,,
Gemma,,,,,,"$8,000.00",,,
Vanessa,,,,,,"$9,000.00",,,
Gracie,,,,,,"$10,000.00",,,
Noelle,,,,,,"$11,000.00",,,
Marley,,,,,,"$12,000.00",,,
Elise,,,,,,"$13,000.00",,,
Presley,,,,,,"$14,000.00",,,
Kamila,,,,,,"$15,000.00",,,
Zara,,,,,,"$16,000.00",,,
Amy,,,,,,"$17,000.00",,,
Kayla,,,,,,"$18,000.00",,,
Payton,,,,,,"$19,000.00",,,
Blake,,,,,,"$20,000.00",,,
Ruth,,,,,,"$21,000.00",,,
Alani,,,,,,"$22,000.00",,,
Annabelle,,,,,,"$23,000.00",,,
Sage,,,,,,"$24,000.00",,,
Aspen,,,,,,"$25,000.00",,,
Laila,,,,,,"$26,000.00",,,
Lila,,,,,,"$27,000.00",,,
Rachel,,,,,,"$28,000.00",,,
Trinity,,,,,,"$29,000.00",,,
Daniela,,,,,,"$30,000.00",,,
Alexa,,,,,,"$31,000.00",,,
Lilly,,,,,,"$32,000.00",,,
Lauren,,,,,,"$33,000.00",,,
Elsie,,,,,,"$34,000.00",,,
Margot,,,,,,"$35,000.00",,,
Adelyn,,,,,,"$36,000.00",,,
Zuri,,,,,,"$37,000.00",,,
Brooke,,,,,,"$38,000.00",,,
Sawyer,,,,,,"$39,000.00",,,
Lilah,,,,,,"$40,000.00",,,
Lola,,,,,,"$41,000.00",,,
Selena,,,,,,"$42,000.00",,,
Mya,,,,,,"$43,000.00",,,
Sydney,,,,,,"$44,000.00",,,
Diana,,,,,,"$45,000.00",,,
Ana,,,,,,"$46,000.00",,,
Vera,,,,,,"$47,000.00",,,
Alayna,,,,,,"$48,000.00",,,
Nyla,,,,,,"$49,000.00",,,
Elaina,,,,,,"$50,000.00",,,
Rebecca,,,,,,"$51,000.00",,,
Angela,,,,,,"$52,000.00",,,
Kali,,,,,,"$53,000.00",,,
Alivia,,,,,,"$54,000.00",,,
Raegan,,,,,,"$55,000.00",,,
Rowan,,,,,,"$56,000.00",,,
Phoebe,,,,,,"$57,000.00",,,
Camilla,,,,,,"$58,000.00",,,
Joanna,,,,,,"$59,000.00",,,
Malia,,,,,,"$60,000.00",,,
Vivienne,,,,,,"$61,000.00",,,
Dakota,,,,,,"$62,000.00",,,
Brooklynn,,,,,,"$63,000.00",,,
Evangeline,,,,,,"$64,000.00",,,
Camille,,,,,,"$65,000.00",,,
Jane,,,,,,"$66,000.00",,,
Nicole,,,,,,"$67,000.00",,,
Catherine,,,,,,"$68,000.00",,,
Jocelyn,,,,,,"$69,000.00",,,
Julianna,,,,,,"$70,000.00",,,
Lena,,,,,,"$71,000.00",,,
Lucille,,,,,,"$72,000.00",,,
Mckenna,,,,,,"$73,000.00",,,
Paige,,,,,,"$74,000.00",,,
Adelaide,,,,,,"$75,000.00",,,
Charlee,,,,,,"$76,000.00",,,
Mariana,,,,,,"$77,000.00",,,
Myla,,,,,,"$78,000.00",,,
Mckenzie,,,,,,"$79,000.00",,,
Tessa,,,,,,"$80,000.00",,,
Miriam,,,,,,"$81,000.00",,,
Oakley,,,,,,"$82,000.00",,,
Kailani,,,,,,"$83,000.00",,,
Alayah,,,,,,"$84,000.00",,,
Amira,,,,,,"$85,000.00",,,
Adaline,,,,,,"$86,000.00",,,
Phoenix,,,,,,"$87,000.00",,,
Milani,,,,,,"$88,000.00",,,
Annie,,,,,,"$89,000.00",,,
Lia,,,,,,"$90,000.00",,,
Angelina,,,,,,"$91,000.00",,,
Harley,,,,,,"$92,000.00",,,
Cali,,,,,,"$93,000.00",,,
Maggie,,,,,,"$94,000.00",,,
Hayden,,,,,,"$95,000.00",,,
Leia,,,,,,"$96,000.00",,,
Fiona,,,,,,"$97,000.00",,,
Briella,,,,,,"$98,000.00",,,
Journey,,,,,,"$99,000.00",,,
Lennon,,,,,,"$100,000.00",,,
Saylor,,,,,,"$101,000.00",,,
Jayla,,,,,,"$102,000.00",,,
Kaia,,,,,,"$103,000.00",,,
Thea,,,,,,"$104,000.00",,,
Adriana,,,,,,"$105,000.00",,,
Mariah,,,,,,"$106,000.00",,,
Juliet,,,,,,"$107,000.00",,,
Oaklynn,,,,,,"$108,000.00",,,
Kiara,,,,,,"$109,000.00",,,
Alexis,,,,,,"$110,000.00",,,
Haven,,,,,,"$111,000.00",,,
Aniyah,,,,,,"$112,000.00",,,
Delaney,,,,,,"$113,000.00",,,
Gracelynn,,,,,,"$114,000.00",,,
Kendall,,,,,,"$115,000.00",,,
Winter,,,,,,"$116,000.00",,,
Lilith,,,,,,"$117,000.00",,,
Logan,,,,,,"$118,000.00",,,
Amiyah,,,,,,"$119,000.00",,,
Evie,,,,,,"$120,000.00",,,
Alexandria,,,,,,"$121,000.00",,,
Gracelyn,,,,,,"$122,000.00",,,
Gabriela,,,,,,"$123,000.00",,,
Sutton,,,,,,"$124,000.00",,,
Harlow,,,,,,"$125,000.00",,,
Madilyn,,,,,,"$126,000.00",,,
Makayla,,,,,,"$127,000.00",,,
Evelynn,,,,,,"$128,000.00",,,
Gia,,,,,,"$129,000.00",,,
Nina,,,,,,"$130,000.00",,,
Amina,,,,,,"$131,000.00",,,
Giselle,,,,,,"$132,000.00",,,
Brynn,,,,,,"$133,000.00",,,
Blair,,,,,,"$134,000.00",,,
Amari,,,,,,"$135,000.00",,,
Octavia,,,,,,"$136,000.00",,,
Michelle,,,,,,"$137,000.00",,,
Talia,,,,,,"$138,000.00",,,
Demi,,,,,,"$139,000.00",,,
Alaya,,,,,,"$140,000.00",,,
Kaylani,,,,,,"$141,000.00",,,
Izabella,,,,,,"$142,000.00",,,
Fatima,,,,,,"$143,000.00",,,
Tatum,,,,,,"$144,000.00",,,
Makenzie,,,,,,"$145,000.00",,,
Lilliana,,,,,,"$146,000.00",,,
Arielle,,,,,,"$147,000.00",,,
Palmer,,,,,,"$148,000.00",,,
Melissa,,,,,,"$149,000.00",,,
Willa,,,,,,"$150,000.00",,,
Samara,,,,,,"$151,000.00",,,
Destiny,,,,,,"$152,000.00",,,
Dahlia,,,,,,"$153,000.00",,,
Celeste,,,,,,"$154,000.00",,,
Ainsley,,,,,,"$155,000.00",,,
Rylie,,,,,,"$156,000.00",,,
Reign,,,,,,"$157,000.00",,,
Laura,,,,,,"$158,000.00",,,
Adelynn,,,,,,"$159,000.00",,,
Gabrielle,,,,,,"$160,000.00",,,
Remington,,,,,,"$161,000.00",,,
Wren,,,,,,"$162,000.00",,,
Brinley,,,,,,"$163,000.00",,,
Amora,,,,,,"$164,000.00",,,
Lainey,,,,,,"$165,000.00",,,
Collins,,,,,,"$166,000.00",,,
Lexi,,,,,,"$167,000.00",,,
Aitana,,,,,,"$168,000.00",,,
Alessandra,,,,,,"$169,000.00",,,
Kenzie,,,,,,"$170,000.00",,,
Raelyn,,,,,,"$171,000.00",,,
Elle,,,,,,"$172,000.00",,,
Everlee,,,,,,"$173,000.00",,,
Haisley,,,,,,"$174,000.00",,,
Hallie,,,,,,"$175,000.00",,,
Wynter,,,,,,"$176,000.00",,,
Daleyza,,,,,,"$177,000.00",,,
Gwendolyn,,,,,,"$178,000.00",,,
Paislee,,,,,,"$179,000.00",,,
Ariyah,,,,,,"$180,000.00",,,
Veronica,,,,,,"$181,000.00",,,
Heidi,,,,,,"$182,000.00",,,
Anaya,,,,,,"$183,000.00",,,
Cataleya,,,,,,"$184,000.00",,,
Kira,,,,,,"$185,000.00",,,
Avianna,,,,,,"$186,000.00",,,
Felicity,,,,,,"$187,000.00",,,
Aylin,,,,,,"$188,000.00",,,
Miracle,,,,,,"$189,000.00",,,
Sabrina,,,,,,"$190,000.00",,,
Lana,,,,,,"$191,000.00",,,
Ophelia,,,,,,"$192,000.00",,,
Elianna,,,,,,"$193,000.00",,,
Royalty,,,,,,"$194,000.00",,,
Madeleine,,,,,,"$195,000.00",,,
Esmeralda,,,,,,"$196,000.00",,,
Joy,,,,,,"$197,000.00",,,
Kalani,,,,,,"$198,000.00",,,
Esme,,,,,,"$199,000.00",,,
Jessica,,,,,,"$200,000.00",,,
Leighton,,,,,,"$201,000.00",,,
Ariah,,,,,,"$202,000.00",,,
Makenna,,,,,,"$203,000.00",,,
Nylah,,,,,,"$204,000.00",,,
Viviana,,,,,,"$205,000.00",,,
Camryn,,,,,,"$206,000.00",,,
Cassidy,,,,,,"$207,000.00",,,
Dream,,,,,,"$208,000.00",,,
Luciana,,,,,,"$209,000.00",,,
Maisie,,,,,,"$210,000.00",,,
Stevie,,,,,,"$211,000.00",,,
Kate,,,,,,"$212,000.00",,,
Lyric,,,,,,"$213,000.00",,,
Daniella,,,,,,"$214,000.00",,,
Alicia,,,,,,"$215,000.00",,,
Daphne,,,,,,"$216,000.00",,,
Frances,,,,,,"$217,000.00",,,
Charli,,,,,,"$218,000.00",,,
Raven,,,,,,"$219,000.00",,,
Paris,,,,,,"$220,000.00",,,
Nayeli,,,,,,"$221,000.00",,,
Serena,,,,,,"$222,000.00",,,
Heaven,,,,,,"$223,000.00",,,
Bianca,,,,,,"$224,000.00",,,
Helen,,,,,,"$225,000.00",,,
Hattie,,,,,,"$226,000.00",,,
Averie,,,,,,"$227,000.00",,,
Mabel,,,,,,"$228,000.00",,,
Selah,,,,,,"$229,000.00",,,
Allie,,,,,,"$230,000.00",,,
Marlee,,,,,,"$231,000.00",,,
Kinley,,,,,,"$232,000.00",,,
Regina,,,,,,"$233,000.00",,,
Carmen,,,,,,"$234,000.00",,,
Jennifer,,,,,,"$235,000.00",,,
Jordan,,,,,,"$236,000.00",,,
Alison,,,,,,"$237,000.00",,,
Stephanie,,,,,,"$238,000.00",,,
Maren,,,,,,"$239,000.00",,,
Kayleigh,,,,,,"$240,000.00",,,
Angel,,,,,,"$241,000.00",,,
Annalise,,,,,,"$242,000.00",,,
Jacqueline,,,,,,"$243,000.00",,,
Braelynn,,,,,,"$244,000.00",,,
Emory,,,,,,"$245,000.00",,,
Rosemary,,,,,,"$246,000.00",,,
Scarlet,,,,,,"$247,000.00",,,
Amanda,,,,,,"$248,000.00",,,
Danielle,,,,,,"$249,000.00",,,
Emelia,,,,,,"$250,000.00",,,
Ryan,,,,,,"$251,000.00",,,
Carolina,,,,,,"$252,000.00",,,
Astrid,,,,,,"$253,000.00",,,
Kensley,,,,,,"$254,000.00",,,
Shiloh,,,,,,"$255,000.00",,,
Maci,,,,,,"$256,000.00",,,
Francesca,,,,,,"$257,000.00",,,
Rory,,,,,,"$258,000.00",,,
Celine,,,,,,"$259,000.00",,,
Kamryn,,,,,,"$260,000.00",,,
Zariah,,,,,,"$261,000.00",,,
Liana,,,,,,"$262,000.00",,,
Poppy,,,,,,"$263,000.00",,,
Maliyah,,,,,,"$264,000.00",,,
Keira,,,,,,"$265,000.00",,,
Skyler,,,,,,"$266,000.00",,,
Noa,,,,,,"$267,000.00",,,
Skye,,,,,,"$268,000.00",,,
Nadia,,,,,,"$269,000.00",,,
Addilyn,,,,,,"$270,000.00",,,
Rosie,,,,,,"$271,000.00",,,
Eve,,,,,,"$272,000.00",,,
Sarai,,,,,,"$273,000.00",,,
Edith,,,,,,"$274,000.00",,,
Jolene,,,,,,"$275,000.00",,,
Maddison,,,,,,"$276,000.00",,,
Meadow,,,,,,"$277,000.00",,,
Charleigh,,,,,,"$278,000.00",,,
Matilda,,,,,,"$279,000.00",,,
Elliott,,,,,,"$280,000.00",,,
Madelynn,,,,,,"$281,000.00",,,
Holly,,,,,,"$282,000.00",,,
Leona,,,,,,"$283,000.00",,,
Azalea,,,,,,"$284,000.00",,,
Katie,,,,,,"$285,000.00",,,
Mira,,,,,,"$286,000.00",,,
Ari,,,,,,"$287,000.00",,,
Kaitlyn,,,,,,"$288,000.00",,,
Danna,,,,,,"$289,000.00",,,
Cameron,,,,,,"$290,000.00",,,
Kyla,,,,,,"$291,000.00",,,
Bristol,,,,,,"$292,000.00",,,
Kora,,,,,,"$293,000.00",,,
Armani,,,,,,"$294,000.00",,,
Nia,,,,,,"$295,000.00",,,
Malani,,,,,,"$296,000.00",,,
Dylan,,,,,,"$297,000.00",,,
Remy,,,,,,"$298,000.00",,,
Maia,,,,,,"$299,000.00",,,
Dior,,,,,,"$300,000.00",,,
Legacy,,,,,,"$301,000.00",,,
Alessia,,,,,,"$302,000.00",,,
Shelby,,,,,,"$303,000.00",,,
Maryam,,,,,,"$304,000.00",,,
Sylvia,,,,,,"$305,000.00",,,
Yaretzi,,,,,,"$306,000.00",,,
Lorelei,,,,,,"$307,000.00",,,
Madilynn,,,,,,"$308,000.00",,,
Abby,,,,,,"$309,000.00",,,
Helena,,,,,,"$310,000.00",,,
Jimena,,,,,,"$311,000.00",,,
Elisa,,,,,,"$312,000.00",,,
Renata,,,,,,"$313,000.00",,,
Amber,,,,,,"$314,000.00",,,
Aviana,,,,,,"$315,000.00",,,
Carter,,,,,,"$316,000.00",,,
Emmy,,,,,,"$317,000.00",,,
Haley,,,,,,"$318,000.00",,,
Alondra,,,,,,"$319,000.00",,,
Elaine,,,,,,"$320,000.00",,,
Erin,,,,,,"$321,000.00",,,
April,,,,,,"$322,000.00",,,
Emely,,,,,,"$323,000.00",,,
Imani,,,,,,"$324,000.00",,,
Kennedi,,,,,,"$325,000.00",,,
Lorelai,,,,,,"$326,000.00",,,
Hanna,,,,,,"$327,000.00",,,
Kelsey,,,,,,"$328,000.00",,,
Aurelia,,,,,,"$329,000.00",,,
Colette,,,,,,"$330,000.00",,,
Jaliyah,,,,,,"$331,000.00",,,
Kylee,,,,,,"$332,000.00",,,
Macie,,,,,,"$333,000.00",,,
Aisha,,,,,,"$334,000.00",,,
Dorothy,,,,,,"$335,000.00",,,
Charley,,,,,,"$336,000.00",,,
Kathryn,,,,,,"$337,000.00",,,
Adelina,,,,,,"$338,000.00",,,
Adley,,,,,,"$339,000.00",,,
Monroe,,,,,,"$340,000.00",,,
Sierra,,,,,,"$341,000.00",,,
Ailani,,,,,,"$342,000.00",,,
Miranda,,,,,,"$343,000.00",,,
Mikayla,,,,,,"$344,000.00",,,
Alejandra,,,,,,"$345,000.00",,,
Amirah,,,,,,"$346,000.00",,,
Jada,,,,,,"$347,000.00",,,
Jazlyn,,,,,,"$348,000.00",,,
Jenna,,,,,,"$349,000.00",,,
Jayleen,,,,,,"$350,000.00",,,
Beatrice,,,,,,"$351,000.00",,,
Kendra,,,,,,"$352,000.00",,,
Lyra,,,,,,"$353,000.00",,,
Nola,,,,,,"$354,000.00",,,
Emberly,,,,,,"$355,000.00",,,
Mckinley,,,,,,"$356,000.00",,,
Myra,,,,,,"$357,000.00",,,
Katalina,,,,,,"$358,000.00",,,
Antonella,,,,,,"$359,000.00",,,
Zelda,,,,,,"$360,000.00",,,
Alanna,,,,,,"$361,000.00",,,
Amaia,,,,,,"$362,000.00",,,
Priscilla,,,,,,"$363,000.00",,,
Briar,,,,,,"$364,000.00",,,
Kaliyah,,,,,,"$365,000.00",,,
Itzel,,,,,,"$366,000.00",,,
Oaklyn,,,,,,"$367,000.00",,,
Alma,,,,,,"$368,000.00",,,
Mallory,,,,,,"$369,000.00",,,
Novah,,,,,,"$370,000.00",,,
Amalia,,,,,,"$371,000.00",,,
Fernanda,,,,,,"$372,000.00",,,
Alia,,,,,,"$373,000.00",,,
Angelica,,,,,,"$374,000.00",,,
Elliot,,,,,,"$375,000.00",,,
Justice,,,,,,"$376,000.00",,,
Mae,,,,,,"$377,000.00",,,
Cecelia,,,,,,"$378,000.00",,,
Gloria,,,,,,"$379,000.00",,,
Ariya,,,,,,"$380,000.00",,,
Virginia,,,,,,"$381,000.00",,,
Cheyenne,,,,,,"$382,000.00",,,
Aleah,,,,,,"$383,000.00",,,
Jemma,,,,,,"$384,000.00",,,
Henley,,,,,,"$385,000.00",,,
Meredith,,,,,,"$386,000.00",,,
Leyla,,,,,,"$387,000.00",,,
Lennox,,,,,,"$388,000.00",,,
Ensley,,,,,,"$389,000.00",,,
Zahra,,,,,,"$390,000.00",,,
Reina,,,,,,"$391,000.00",,,
Frankie,,,,,,"$392,000.00",,,
Lylah,,,,,,"$393,000.00",,,
Nalani,,,,,,"$394,000.00",,,
Reyna,,,,,,"$395,000.00",,,
Saige,,,,,,"$396,000.00",,,
Ivanna,,,,,,"$397,000.00",,,
Aleena,,,,,,"$398,000.00",,,
Emerie,,,,,,"$399,000.00",,,
Ivory,,,,,,"$400,000.00",,,
Leslie,,,,,,"$401,000.00",,,
Alora,,,,,,"$402,000.00",,,
Ashlyn,,,,,,"$403,000.00",,,
Bethany,,,,,,"$404,000.00",,,
Bonnie,,,,,,"$405,000.00",,,
Sasha,,,,,,"$406,000.00",,,
Xiomara,,,,,,"$407,000.00",,,
Salem,,,,,,"$408,000.00",,,
Adrianna,,,,,,"$409,000.00",,,
Dayana,,,,,,"$410,000.00",,,
Clementine,,,,,,"$411,000.00",,,
Karina,,,,,,"$412,000.00",,,
Karsyn,,,,,,"$413,000.00",,,
Emmie,,,,,,"$414,000.00",,,
Julie,,,,,,"$415,000.00",,,
Julieta,,,,,,"$416,000.00",,,
Briana,,,,,,"$417,000.00",,,
Carly,,,,,,"$418,000.00",,,
Macy,,,,,,"$419,000.00",,,
Marie,,,,,,"$420,000.00",,,
Oaklee,,,,,,"$421,000.00",,,
Christina,,,,,,"$422,000.00",,,
Malaysia,,,,,,"$423,000.00",,,
Ellis,,,,,,"$424,000.00",,,
Irene,,,,,,"$425,000.00",,,
Anne,,,,,,"$426,000.00",,,
Anahi,,,,,,"$427,000.00",,,
Mara,,,,,,"$428,000.00",,,
Rhea,,,,,,"$429,000.00",,,
Davina,,,,,,"$430,000.00",,,
Dallas,,,,,,"$431,000.00",,,
Jayda,,,,,,"$432,000.00",,,
Mariam,,,,,,"$433,000.00",,,
Skyla,,,,,,"$434,000.00",,,
Siena,,,,,,"$435,000.00",,,
Elora,,,,,,"$436,000.00",,,
Marilyn,,,,,,"$437,000.00",,,
Jazmin,,,,,,"$438,000.00",,,
Megan,,,,,,"$439,000.00",,,
Rosa,,,,,,"$440,000.00",,,
Savanna,,,,,,"$441,000.00",,,
Allyson,,,,,,"$442,000.00",,,
Milan,,,,,,"$443,000.00",,,
Coraline,,,,,,"$444,000.00",,,
Johanna,,,,,,"$445,000.00",,,
Melany,,,,,,"$446,000.00",,,
Chelsea,,,,,,"$447,000.00",,,
Michaela,,,,,,"$448,000.00",,,
Melina,,,,,,"$449,000.00",,,
Angie,,,,,,"$450,000.00",,,
Cassandra,,,,,,"$451,000.00",,,
Yara,,,,,,"$452,000.00",,,
Kassidy,,,,,,"$453,000.00",,,
Liberty,,,,,,"$454,000.00",,,
Lilian,,,,,,"$455,000.00",,,
Avah,,,,,,"$456,000.00",,,
Anya,,,,,,"$457,000.00",,,
Laney,,,,,,"$458,000.00",,,
Navy,,,,,,"$459,000.00",,,
Opal,,,,,,"$460,000.00",,,
Amani,,,,,,"$461,000.00",,,
Zaylee,,,,,,"$462,000.00",,,
Mina,,,,,,"$463,000.00",,,
Sloan,,,,,,"$464,000.00",,,
Romina,,,,,,"$465,000.00",,,
Ashlynn,,,,,,"$466,000.00",,,
Aliza,,,,,,"$467,000.00",,,
Liv,,,,,,"$468,000.00",,,
Malaya,,,,,,"$469,000.00",,,
Blaire,,,,,,"$470,000.00",,,
Janelle,,,,,,"$471,000.00",,,
Kara,,,,,,"$472,000.00",,,
Analia,,,,,,"$473,000.00",,,
Hadassah,,,,,,"$474,000.00",,,
Hayley,,,,,,"$475,000.00",,,
Karla,,,,,,"$476,000.00",,,
Chaya,,,,,,"$477,000.00",,,
Cadence,,,,,,"$478,000.00",,,
Kyra,,,,,,"$479,000.00",,,
Alena,,,,,,"$480,000.00",,,
Ellianna,,,,,,"$481,000.00",,,
Katelyn,,,,,,"$482,000.00",,,
Kimber,,,,,,"$483,000.00",,,
Laurel,,,,,,"$484,000.00",,,
Lina,,,,,,"$485,000.00",,,
Capri,,,,,,"$486,000.00",,,
Braelyn,,,,,,"$487,000.00",,,
Faye,,,,,,"$488,000.00",,,
Kamiyah,,,,,,"$489,000.00",,,
Kenna,,,,,,"$490,000.00",,,
Louise,,,,,,"$491,000.00",,,
Calliope,,,,,,"$492,000.00",,,
Kaydence,,,,,,"$493,000.00",,,
Nala,,,,,,"$494,000.00",,,
Tiana,,,,,,"$495,000.00",,,
Aileen,,,,,,"$496,000.00",,,
Sunny,,,,,,"$497,000.00",,,
Zariyah,,,,,,"$498,000.00",,,
Milana,,,,,,"$499,000.00",,,
Giuliana,,,,,,"$500,000.00",,,
Eileen,,,,,,"$501,000.00",,,
Elodie,,,,,,"$502,000.00",,,
Rayna,,,,,,"$503,000.00",,,
Monica,,,,,,"$504,000.00",,,
Galilea,,,,,,"$505,000.00",,,
Journi,,,,,,"$506,000.00",,,
Lara,,,,,,"$507,000.00",,,
Marina,,,,,,"$508,000.00",,,
Aliana,,,,,,"$509,000.00",,,
Harmoni,,,,,,"$510,000.00",,,
Jamie,,,,,,"$511,000.00",,,
Holland,,,,,,"$512,000.00",,,
Emmalyn,,,,,,"$513,000.00",,,
Lauryn,,,,,,"$514,000.00",,,
Chanel,,,,,,"$515,000.00",,,
Tinsley,,,,,,"$516,000.00",,,
Jessie,,,,,,"$517,000.00",,,
Lacey,,,,,,"$518,000.00",,,
Elyse,,,,,,"$519,000.00",,,
Janiyah,,,,,,"$520,000.00",,,
Jolie,,,,,,"$521,000.00",,,
Ezra,,,,,,"$522,000.00",,,
Marleigh,,,,,,"$523,000.00",,,
Roselyn,,,,,,"$524,000.00",,,
Lillie,,,,,,"$525,000.00",,,
Louisa,,,,,,"$526,000.00",,,
Madisyn,,,,,,"$527,000.00",,,
Penny,,,,,,"$528,000.00",,,
Kinslee,,,,,,"$529,000.00",,,
Treasure,,,,,,"$530,000.00",,,
Zaniyah,,,,,,"$531,000.00",,,
Estella,,,,,,"$532,000.00",,,
Jaylah,,,,,,"$533,000.00",,,
Khaleesi,,,,,,"$534,000.00",,,
Alexia,,,,,,"$535,000.00",,,
Dulce,,,,,,"$536,000.00",,,
Indie,,,,,,"$537,000.00",,,
Maxine,,,,,,"$538,000.00",,,
Waverly,,,,,,"$539,000.00",,,
Giovanna,,,,,,"$540,000.00",,,
Miley,,,,,,"$541,000.00",,,
Saoirse,,,,,,"$542,000.00",,,
Estrella,,,,,,"$543,000.00",,,
Greta,,,,,,"$544,000.00",,,
Rosalia,,,,,,"$545,000.00",,,
Mylah,,,,,,"$546,000.00",,,
Teresa,,,,,,"$547,000.00",,,
Bridget,,,,,,"$548,000.00",,,
Kelly,,,,,,"$549,000.00",,,
Adalee,,,,,,"$550,000.00",,,
Aubrie,,,,,,"$551,000.00",,,
Lea,,,,,,"$552,000.00",,,
Harlee,,,,,,"$553,000.00",,,
Anika,,,,,,"$554,000.00",,,
Itzayana,,,,,,"$555,000.00",,,
Hana,,,,,,"$556,000.00",,,
Kaisley,,,,,,"$557,000.00",,,
Mikaela,,,,,,"$558,000.00",,,
Naya,,,,,,"$559,000.00",,,
Avalynn,,,,,,"$560,000.00",,,
Margo,,,,,,"$561,000.00",,,
Sevyn,,,,,,"$562,000.00",,,
Florence,,,,,,"$563,000.00",,,
Keilani,,,,,,"$564,000.00",,,
Lyanna,,,,,,"$565,000.00",,,
Joelle,,,,,,"$566,000.00",,,
Kataleya,,,,,,"$567,000.00",,,
Royal,,,,,,"$568,000.00",,,
Averi,,,,,,"$569,000.00",,,
Kallie,,,,,,"$570,000.00",,,
Winnie,,,,,,"$571,000.00",,,
Baylee,,,,,,"$572,000.00",,,
Martha,,,,,,"$573,000.00",,,
Pearl,,,,,,"$574,000.00",,,
Alaiya,,,,,,"$575,000.00",,,
Rayne,,,,,,"$576,000.00",,,
Sylvie,,,,,,"$577,000.00",,,
Brylee,,,,,,"$578,000.00",,,
Jazmine,,,,,,"$579,000.00",,,
Ryann,,,,,,"$580,000.00",,,
Kori,,,,,,"$581,000.00",,,
Noemi,,,,,,"$582,000.00",,,
Haylee,,,,,,"$583,000.00",,,
Julissa,,,,,,"$584,000.00",,,
Celia,,,,,,"$585,000.00",,,
Laylah,,,,,,"$586,000.00",,,
Rebekah,,,,,,"$587,000.00",,,
Rosalee,,,,,,"$588,000.00",,,
Aya,,,,,,"$589,000.00",,,
Bria,,,,,,"$590,000.00",,,
Adele,,,,,,"$591,000.00",,,
Aubrielle,,,,,,"$592,000.00",,,
Tiffany,,,,,,"$593,000.00",,,
Addyson,,,,,,"$594,000.00",,,
Kai,,,,,,"$595,000.00",,,
Bellamy,,,,,,"$596,000.00",,,
Leilany,,,,,,"$597,000.00",,,
Princess,,,,,,"$598,000.00",,,
Chana,,,,,,"$599,000.00",,,
Estelle,,,,,,"$600,000.00",,,
Selene,,,,,,"$601,000.00",,,
Sky,,,,,,"$602,000.00",,,
Dani,,,,,,"$603,000.00",,,
Thalia,,,,,,"$604,000.00",,,
Ellen,,,,,,"$605,000.00",,,
Rivka,,,,,,"$606,000.00",,,
Amelie,,,,,,"$607,000.00",,,
Andi,,,,,,"$608,000.00",,,
Kynlee,,,,,,"$609,000.00",,,
Raina,,,,,,"$610,000.00",,,
Vienna,,,,,,"$611,000.00",,,
Alianna,,,,,,"$612,000.00",,,
Livia,,,,,,"$613,000.00",,,
Madalyn,,,,,,"$614,000.00",,,
Mercy,,,,,,"$615,000.00",,,
Novalee,,,,,,"$616,000.00",,,
Ramona,,,,,,"$617,000.00",,,
Vada,,,,,,"$618,000.00",,,
Berkley,,,,,,"$619,000.00",,,
Gwen,,,,,,"$620,000.00",,,
Persephone,,,,,,"$621,000.00",,,
Milena,,,,,,"$622,000.00",,,
Paula,,,,,,"$623,000.00",,,
Clare,,,,,,"$624,000.00",,,
Kairi,,,,,,"$625,000.00",,,
Linda,,,,,,"$626,000.00",,,
Paulina,,,,,,"$627,000.00",,,
Kamilah,,,,,,"$628,000.00",,,
Amoura,,,,,,"$629,000.00",,,
Hunter,,,,,,"$630,000.00",,,
Isabela,,,,,,"$631,000.00",,,
Karen,,,,,,"$632,000.00",,,
Marianna,,,,,,"$633,000.00",,,
Sariyah,,,,,,"$634,000.00",,,
Theodora,,,,,,"$635,000.00",,,
Annika,,,,,,"$636,000.00",,,
Kyleigh,,,,,,"$637,000.00",,,
Nellie,,,,,,"$638,000.00",,,
Scarlette,,,,,,"$639,000.00",,,
Keyla,,,,,,"$640,000.00",,,
Kailey,,,,,,"$641,000.00",,,
Mavis,,,,,,"$642,000.00",,,
Lilianna,,,,,,"$643,000.00",,,
Rosalyn,,,,,,"$644,000.00",,,
Sariah,,,,,,"$645,000.00",,,
Tori,,,,,,"$646,000.00",,,
Yareli,,,,,,"$647,000.00",,,
Aubriella,,,,,,"$648,000.00",,,
Bexley,,,,,,"$649,000.00",,,
Bailee,,,,,,"$650,000.00",,,
Jianna,,,,,,"$651,000.00",,,
Keily,,,,,,"$652,000.00",,,
Annabella,,,,,,"$653,000.00",,,
Azariah,,,,,,"$654,000.00",,,
Denisse,,,,,,"$655,000.00",,,
Promise,,,,,,"$656,000.00",,,
August,,,,,,"$657,000.00",,,
Hadlee,,,,,,"$658,000.00",,,
Halle,,,,,,"$659,000.00",,,
Fallon,,,,,,"$660,000.00",,,
Oakleigh,,,,,,"$661,000.00",,,
Zaria,,,,,,"$662,000.00",,,
Jaylin,,,,,,"$663,000.00",,,
Paisleigh,,,,,,"$664,000.00",,,
Crystal,,,,,,"$665,000.00",,,
Ila,,,,,,"$666,000.00",,,
Aliya,,,,,,"$667,000.00",,,
Cynthia,,,,,,"$668,000.00",,,
Giana,,,,,,"$669,000.00",,,
Maleah,,,,,,"$670,000.00",,,
Rylan,,,,,,"$671,000.00",,,
Aniya,,,,,,"$672,000.00",,,
Denise,,,,,,"$673,000.00",,,
Emmeline,,,,,,"$674,000.00",,,
Scout,,,,,,"$675,000.00",,,
Simone,,,,,,"$676,000.00",,,
Noah,,,,,,"$677,000.00",,,
Zora,,,,,,"$678,000.00",,,
Meghan,,,,,,"$679,000.00",,,
Landry,,,,,,"$680,000.00",,,
Ainhoa,,,,,,"$681,000.00",,,
Lilyana,,,,,,"$682,000.00",,,
Noor,,,,,,"$683,000.00",,,
Belen,,,,,,"$684,000.00",,,
Brynleigh,,,,,,"$685,000.00",,,
Cleo,,,,,,"$686,000.00",,,
Meilani,,,,,,"$687,000.00",,,
Karter,,,,,,"$688,000.00",,,
Amaris,,,,,,"$689,000.00",,,
Frida,,,,,,"$690,000.00",,,
Iliana,,,,,,"$691,000.00",,,
Violeta,,,,,,"$692,000.00",,,
Addisyn,,,,,,"$693,000.00",,,
Nancy,,,,,,"$694,000.00",,,
Denver,,,,,,"$695,000.00",,,
Leanna,,,,,,"$696,000.00",,,
Braylee,,,,,,"$697,000.00",,,
Kiana,,,,,,"$698,000.00",,,
Wrenley,,,,,,"$699,000.00",,,
Barbara,,,,,,"$700,000.00",,,
Khalani,,,,,,"$701,000.00",,,
Aspyn,,,,,,"$702,000.00",,,
Ellison,,,,,,"$703,000.00",,,
Judith,,,,,,"$704,000.00",,,
Robin,,,,,,"$705,000.00",,,
Valery,,,,,,"$706,000.00",,,
Aila,,,,,,"$707,000.00",,,
Deborah,,,,,,"$708,000.00",,,
Cara,,,,,,"$709,000.00",,,
Clarissa,,,,,,"$710,000.00",,,
Iyla,,,,,,"$711,000.00",,,
Lexie,,,,,,"$712,000.00",,,
Anais,,,,,,"$713,000.00",,,
Kaylie,,,,,,"$714,000.00",,,
Nathalie,,,,,,"$715,000.00",,,
Alisson,,,,,,"$716,000.00",,,
Della,,,,,,"$717,000.00",,,
Addilynn,,,,,,"$718,000.00",,,
Elsa,,,,,,"$719,000.00",,,
Zoya,,,,,,"$720,000.00",,,
Layne,,,,,,"$721,000.00",,,
Marlowe,,,,,,"$722,000.00",,,
Jovie,,,,,,"$723,000.00",,,
Kenia,,,,,,"$724,000.00",,,
Samira,,,,,,"$725,000.00",,,
Jaylee,,,,,,"$726,000.00",,,
Jenesis,,,,,,"$727,000.00",,,
Etta,,,,,,"$728,000.00",,,
Shay,,,,,,"$729,000.00",,,
Amayah,,,,,,"$730,000.00",,,
Avayah,,,,,,"$731,000.00",,,
Egypt,,,,,,"$732,000.00",,,
Flora,,,,,,"$733,000.00",,,
Raquel,,,,,,"$734,000.00",,,
Whitney,,,,,,"$735,000.00",,,
Zola,,,,,,"$736,000.00",,,
Giavanna,,,,,,"$737,000.00",,,
Raya,,,,,,"$738,000.00",,,
Veda,,,,,,"$739,000.00",,,
Halo,,,,,,"$740,000.00",,,
Paloma,,,,,,"$741,000.00",,,
Nataly,,,,,,"$742,000.00",,,
Whitley,,,,,,"$743,000.00",,,
Dalary,,,,,,"$744,000.00",,,
Drew,,,,,,"$745,000.00",,,
Guadalupe,,,,,,"$746,000.00",,,
Kamari,,,,,,"$747,000.00",,,
Esperanza,,,,,,"$748,000.00",,,
Loretta,,,,,,"$749,000.00",,,
Malayah,,,,,,"$750,000.00",,,
Natasha,,,,,,"$751,000.00",,,
Stormi,,,,,,"$752,000.00",,,
Ansley,,,,,,"$753,000.00",,,
Carolyn,,,,,,"$754,000.00",,,
Corinne,,,,,,"$755,000.00",,,
Paola,,,,,,"$756,000.00",,,
Brittany,,,,,,"$757,000.00",,,
Emerald,,,,,,"$758,000.00",,,
Freyja,,,,,,"$759,000.00",,,
Zainab,,,,,,"$760,000.00",,,
Artemis,,,,,,"$761,000.00",,,
Jillian,,,,,,"$762,000.00",,,
Kimora,,,,,,"$763,000.00",,,
Zoie,,,,,,"$764,000.00",,,
Aislinn,,,,,,"$765,000.00",,,
Emmaline,,,,,,"$766,000.00",,,
Ayleen,,,,,,"$767,000.00",,,
Queen,,,,,,"$768,000.00",,,
Jaycee,,,,,,"$769,000.00",,,
Murphy,,,,,,"$770,000.00",,,
Nyomi,,,,,,"$771,000.00",,,
Elina,,,,,,"$772,000.00",,,
Hadleigh,,,,,,"$773,000.00",,,
Marceline,,,,,,"$774,000.00",,,
Marisol,,,,,,"$775,000.00",,,
Yasmin,,,,,,"$776,000.00",,,
Zendaya,,,,,,"$777,000.00",,,
Chandler,,,,,,"$778,000.00",,,
Emani,,,,,,"$779,000.00",,,
Jaelynn,,,,,,"$780,000.00",,,
Kaiya,,,,,,"$781,000.00",,,
Nathalia,,,,,,"$782,000.00",,,
Violette,,,,,,"$783,000.00",,,
Joyce,,,,,,"$784,000.00",,,
Paityn,,,,,,"$785,000.00",,,
Elisabeth,,,,,,"$786,000.00",,,
Emmalynn,,,,,,"$787,000.00",,,
Luella,,,,,,"$788,000.00",,,
Yamileth,,,,,,"$789,000.00",,,
Aarya,,,,,,"$790,000.00",,,
Luisa,,,,,,"$791,000.00",,,
Zhuri,,,,,,"$792,000.00",,,
Araceli,,,,,,"$793,000.00",,,
Harleigh,,,,,,"$794,000.00",,,
Madalynn,,,,,,"$795,000.00",,,
Melani,,,,,,"$796,000.00",,,
Laylani,,,,,,"$797,000.00",,,
Magdalena,,,,,,"$798,000.00",,,
Mazikeen,,,,,,"$799,000.00",,,
Belle,,,,,,"$800,000.00",,,
Kadence,,,,,,"$801,000.00",,,
,,,,,,"$802,000.00",,,
,,,,,,"$803,000.00",,,
,,,,,,"$804,000.00",,,
,,,,,,"$805,000.00",,,
,,,,,,"$806,000.00",,,
,,,,,,"$807,000.00",,,
,,,,,,"$808,000.00",,,
,,,,,,"$809,000.00",,,
,,,,,,"$810,000.00",,,
,,,,,,"$811,000.00",,,
,,,,,,"$812,000.00",,,
,,,,,,"$813,000.00",,,
,,,,,,"$814,000.00",,,
,,,,,,"$815,000.00",,,
,,,,,,"$816,000.00",,,
,,,,,,"$817,000.00",,,
,,,,,,"$818,000.00",,,
,,,,,,"$819,000.00",,,
,,,,,,"$820,000.00",,,
,,,,,,"$821,000.00",,,
,,,,,,"$822,000.00",,,
,,,,,,"$823,000.00",,,
,,,,,,"$824,000.00",,,
,,,,,,"$825,000.00",,,
,,,,,,"$826,000.00",,,
,,,,,,"$827,000.00",,,
,,,,,,"$828,000.00",,,
,,,,,,"$829,000.00",,,
,,,,,,"$830,000.00",,,
,,,,,,"$831,000.00",,,
,,,,,,"$832,000.00",,,
,,,,,,"$833,000.00",,,
,,,,,,"$834,000.00",,,
,,,,,,"$835,000.00",,,
,,,,,,"$836,000.00",,,
,,,,,,"$837,000.00",,,
,,,,,,"$838,000.00",,,
,,,,,,"$839,000.00",,,
,,,,,,"$840,000.00",,,
,,,,,,"$841,000.00",,,
,,,,,,"$842,000.00",,,
,,,,,,"$843,000.00",,,
,,,,,,"$844,000.00",,,
,,,,,,"$845,000.00",,,
,,,,,,"$846,000.00",,,
,,,,,,"$847,000.00",,,
,,,,,,"$848,000.00",,,
,,,,,,"$849,000.00",,,
,,,,,,"$850,000.00",,,
,,,,,,"$851,000.00",,,
,,,,,,"$852,000.00",,,
,,,,,,"$853,000.00",,,
,,,,,,"$854,000.00",,,
,,,,,,"$855,000.00",,,
,,,,,,"$856,000.00",,,
,,,,,,"$857,000.00",,,
,,,,,,"$858,000.00",,,
,,,,,,"$859,000.00",,,
,,,,,,"$860,000.00",,,
,,,,,,"$861,000.00",,,
,,,,,,"$862,000.00",,,
,,,,,,"$863,000.00",,,
,,,,,,"$864,000.00",,,
,,,,,,"$865,000.00",,,
,,,,,,"$866,000.00",,,
,,,,,,"$867,000.00",,,
,,,,,,"$868,000.00",,,
,,,,,,"$869,000.00",,,
,,,,,,"$870,000.00",,,
,,,,,,"$871,000.00",,,
,,,,,,"$872,000.00",,,
,,,,,,"$873,000.00",,,
,,,,,,"$874,000.00",,,
,,,,,,"$875,000.00",,,
,,,,,,"$876,000.00",,,
,,,,,,"$877,000.00",,,
,,,,,,"$878,000.00",,,
,,,,,,"$879,000.00",,,
,,,,,,"$880,000.00",,,
,,,,,,"$881,000.00",,,
,,,,,,"$882,000.00",,,
,,,,,,"$883,000.00",,,
,,,,,,"$884,000.00",,,
,,,,,,"$885,000.00",,,
,,,,,,"$886,000.00",,,
,,,,,,"$887,000.00",,,
,,,,,,"$888,000.00",,,
,,,,,,"$889,000.00",,,
,,,,,,"$890,000.00",,,
,,,,,,"$891,000.00",,,
,,,,,,"$892,000.00",,,
,,,,,,"$893,000.00",,,
,,,,,,"$894,000.00",,,
,,,,,,"$895,000.00",,,
,,,,,,"$896,000.00",,,
,,,,,,"$897,000.00",,,
,,,,,,"$898,000.00",,,
,,,,,,"$899,000.00",,,
,,,,,,"$900,000.00",,,
,,,,,,"$901,000.00",,,
,,,,,,"$902,000.00",,,
,,,,,,"$903,000.00",,,
,,,,,,"$904,000.00",,,
,,,,,,"$905,000.00",,,
,,,,,,"$906,000.00",,,
,,,,,,"$907,000.00",,,
,,,,,,"$908,000.00",,,
,,,,,,"$909,000.00",,,
,,,,,,"$910,000.00",,,
,,,,,,"$911,000.00",,,
,,,,,,"$912,000.00",,,
,,,,,,"$913,000.00",,,
,,,,,,"$914,000.00",,,
,,,,,,"$915,000.00",,,
,,,,,,"$916,000.00",,,
,,,,,,"$917,000.00",,,
,,,,,,"$918,000.00",,,
,,,,,,"$919,000.00",,,
,,,,,,"$920,000.00",,,
,,,,,,"$921,000.00",,,
,,,,,,"$922,000.00",,,
,,,,,,"$923,000.00",,,
,,,,,,"$924,000.00",,,
,,,,,,"$925,000.00",,,
,,,,,,"$926,000.00",,,
,,,,,,"$927,000.00",,,
,,,,,,"$928,000.00",,,
,,,,,,"$929,000.00",,,
,,,,,,"$930,000.00",,,
,,,,,,"$931,000.00",,,
,,,,,,"$932,000.00",,,
,,,,,,"$933,000.00",,,
,,,,,,"$934,000.00",,,
,,,,,,"$935,000.00",,,
,,,,,,"$936,000.00",,,
,,,,,,"$937,000.00",,,
,,,,,,"$938,000.00",,,
,,,,,,"$939,000.00",,,
,,,,,,"$940,000.00",,,
,,,,,,"$941,000.00",,,
,,,,,,"$942,000.00",,,
,,,,,,"$943,000.00",,,
,,,,,,"$944,000.00",,,
,,,,,,"$945,000.00",,,
,,,,,,"$946,000.00",,,
,,,,,,"$947,000.00",,,
,,,,,,"$948,000.00",,,
,,,,,,"$949,000.00",,,
,,,,,,"$950,000.00",,,
,,,,,,"$951,000.00",,,
,,,,,,"$952,000.00",,,
,,,,,,"$953,000.00",,,
,,,,,,"$954,000.00",,,
,,,,,,"$955,000.00",,,
,,,,,,"$956,000.00",,,
,,,,,,"$957,000.00",,,
,,,,,,"$958,000.00",,,
,,,,,,"$959,000.00",,,
,,,,,,"$960,000.00",,,
,,,,,,"$961,000.00",,,
,,,,,,"$962,000.00",,,
,,,,,,"$963,000.00",,,
,,,,,,"$964,000.00",,,
,,,,,,"$965,000.00",,,
,,,,,,"$966,000.00",,,
,,,,,,"$967,000.00",,,
,,,,,,"$968,000.00",,,
,,,,,,"$969,000.00",,,
,,,,,,"$970,000.00",,,
,,,,,,"$971,000.00",,,
,,,,,,"$972,000.00",,,
,,,,,,"$973,000.00",,,
,,,,,,"$974,000.00",,,
,,,,,,"$975,000.00",,,
,,,,,,"$976,000.00",,,
,,,,,,"$977,000.00",,,
,,,,,,"$978,000.00",,,
,,,,,,"$979,000.00",,,
,,,,,,"$980,000.00",,,
,,,,,,"$981,000.00",,,
,,,,,,"$982,000.00",,,
,,,,,,"$983,000.00",,,
,,,,,,"$984,000.00",,,
,,,,,,"$985,000.00",,,
,,,,,,"$986,000.00",,,
,,,,,,"$987,000.00",,,
,,,,,,"$988,000.00",,,
,,,,,,"$989,000.00",,,
,,,,,,"$990,000.00",,,
,,,,,,"$991,000.00",,,
,,,,,,"$992,000.00",,,
,,,,,,"$993,000.00",,,
,,,,,,"$994,000.00",,,
,,,,,,"$995,000.00",,,
,,,,,,"$996,000.00",,,
,,,,,,"$997,000.00",,,
,,,,,,"$998,000.00",,,
,,,,,,"$999,000.00",,,
,,,,,,"$1,000,000.00",,,
